business_id,name,state,city,stars,review_count,weekly_hours,accepts_credit_cards,price_range,wifi,takeout,outdoor_seating,bike_parking,caters,delivery,noise_level,valet_parking,other_parking,mean_yummy,mean_service
IDtLPgUrqorrpqSLdfMhZQ,Helena Avenue Bakery,CA,Santa Barbara,4.0,389,36.0,1.0,2.0,0.0,1.0,1.0,1.0,1.0,0.0,1.0,0.0,1.0,0.7422639837116,0.656407478414476
VeFfrEZ4iWaecrQg6Eq4cg,Cal Taco,CA,Goleta,4.0,189,75.0,1.0,1.0,0.0,1.0,1.0,1.0,1.0,1.0,1.0,0.0,1.0,0.72117189850126,0.620292133974786
bdfZdB2MTXlT6-RBjSIpQg,Pho Bistro,CA,Isla Vista,3.0,184,77.0,1.0,1.0,0.0,1.0,1.0,1.0,0.0,1.0,1.0,0.0,1.0,0.676993129755321,0.580272142196957
-kY_HDP7IMvGl-kBIZVU4A,Dune Coffee Roasters - Anacapa,CA,Santa Barbara,4.0,320,76.0,1.0,2.0,1.0,1.0,0.0,1.0,0.0,0.0,1.0,0.0,1.0,0.743978069908351,0.65212068283268
3vTG6LQyr3obzfvrK1l1hA,7-Eleven,NV,Sparks,2.0,12,168.0,1.0,1.0,1.0,1.0,0.0,1.0,0.0,1.0,0.8636363636363636,0.0,1.0,0.597042605280876,0.48027982882091
pxuMxh5oC7W-PDN9wwvozg,Starbucks,NV,Reno,3.0,44,96.5,1.0,2.0,1.0,1.0,0.0,0.0,0.0,0.0,0.8636363636363636,0.0,1.0,0.636257245143255,0.529219426049127
UFpCraqzFBAhtZqmxmiWsA,Cat Therapy,CA,Santa Barbara,4.5,116,54.25,1.0,1.0,1.0,0.0,0.0,1.0,0.0,0.0,0.0,0.0,1.0,0.752351432287393,0.71331706242401
jlkDIOPoRP9SJXTkRVpkMQ,BFF Cafe,NV,Reno,4.0,92,74.0,1.0,2.0,1.0,1.0,1.0,1.0,1.0,1.0,1.0,0.0,1.0,0.761661322264189,0.680178215664424
w8C_pRQvdIXQ5VRWlW2M3w,The Human Bean,NV,Reno,4.5,37,80.0,1.0,,1.0,0.0,1.0,1.0,0.0,1.0,0.8636363636363636,0.0,1.0,0.763840387526311,0.689902492259678
F3dxQiOwN55rSLw-BNSq6A,Sweet Alley,CA,Goleta,4.0,51,77.0,1.0,1.0,1.0,1.0,0.0,1.0,0.0,0.0,0.8636363636363636,0.0,1.0,0.772695790903241,0.669946443216473
CPFKi2lZJazP6IdtCdDDyg,Coffeebar,NV,Reno,4.5,676,75.0,1.0,1.0,1.0,1.0,1.0,1.0,0.0,1.0,1.0,0.0,1.0,0.776745604832279,0.718392624956533
Wndkw2PinAwTgjeUJOTdCg,Old World Coffee Lab - Midtown,NV,Reno,4.5,286,77.0,1.0,2.0,1.0,1.0,1.0,1.0,1.0,1.0,1.0,0.0,1.0,0.762791645449225,0.702153136947644
ju4YP8SLdR_BmWr_-Xh83Q,Phamous Cafe,CA,Goleta,4.0,220,50.0,1.0,1.0,1.0,1.0,0.0,1.0,0.0,0.0,1.0,0.0,1.0,0.711276124313212,0.644911346140138
bjhCtlYHrkgA5Ku8l-rB3g,Our Daily Bread,CA,Santa Barbara,3.5,106,54.5,1.0,2.0,1.0,1.0,1.0,1.0,1.0,0.0,1.0,0.0,1.0,0.724807583498505,0.632247493655052
7YiLEuHuUONZrMPT0OxXUQ,McDonald's,NV,Reno,1.5,89,122.0,1.0,1.0,1.0,1.0,1.0,0.0,0.0,1.0,2.0,0.0,0.0,0.555328675535288,0.373380918348773
-utd1de-UUgQKZE4VHVLlw,Superstitions Java,NV,Reno,4.5,61,68.0,1.0,,1.0,1.0,1.0,1.0,0.0,1.0,0.0,0.0,0.0,0.75658620595932,0.727345392795709
kf8HXRAZxtC7xVR0Tg-rhA,Num Num Boba,NV,Reno,4.5,114,58.0,1.0,2.0,1.0,1.0,1.0,0.0,1.0,1.0,1.0,0.0,1.0,0.775905924538771,0.711220853527387
zxuVnNVAUm16Sro0dS_lmg,Roundabout Grill,NV,Reno,4.0,244,31.0,1.0,2.0,1.0,1.0,0.0,1.0,1.0,0.0,1.0,1.0,1.0,0.722984907125296,0.659085089392342
FYw5uf26ry8-MuPKD10z0Q,Josef's Vienna Bakery & Cafe,NV,Reno,4.0,382,49.0,1.0,2.0,1.0,1.0,1.0,1.0,1.0,1.0,1.0,0.0,1.0,0.734760842609162,0.662074778951248
3RtMd3VZ21WL5auDr6Jp9A,Cafe Zoma,CA,Santa Barbara,4.0,27,93.0,1.0,2.0,1.0,0.0,1.0,0.0,0.0,0.0,0.8636363636363636,0.0,1.0,0.74537762680224,0.648673600384167
IjJSHYMgXV3ZQSAr0tn19A,Sip of Saigon,NV,Spanish Springs,5.0,71,57.0,1.0,,1.0,1.0,0.0,0.0,0.0,0.0,1.0,0.0,1.0,0.780146217917743,0.744948049114175
7AAUjAvOS10dMx1F_QMaew,7-Eleven,NV,Reno,2.0,18,168.0,1.0,1.0,0.0,1.0,0.0,0.0,0.0,1.0,0.8636363636363636,0.0,0.0,0.594600396997788,0.448313990060021
cBp1fn2LXpSHe4VbTXLYEw,Bab Café - Reno,NV,Reno,4.5,470,60.0,1.0,2.0,1.0,1.0,1.0,1.0,1.0,1.0,1.0,0.0,1.0,0.773886873445126,0.716108379881791
mGxaM5kUC2GhYkp3Dip52Q,Dutch Bros Coffee,NV,Reno,4.0,126,126.0,1.0,2.0,1.0,0.0,0.0,1.0,0.0,0.0,1.0,0.0,1.0,0.678709474001222,0.59657495042295
vlqcTafHh27AuDbYtoG8rw,Un Caffé Italian Bistro,NV,Reno,4.5,28,32.5,0.0,,0.0,0.0,0.0,0.0,0.0,0.0,0.8636363636363636,0.0,0.0,0.767175030495439,0.701921101659536
GqQSFMLaM25zcM5OnCWnnQ,Nameless Coffee & Tea House,NV,Reno,4.5,63,45.0,1.0,1.0,1.0,1.0,1.0,1.0,0.0,0.0,0.8636363636363636,0.0,1.0,0.782587133004115,0.674500602025252
wuzoQhym6ll3fjAiVgIJbw,Good Cup,CA,Santa Barbara,3.5,109,82.0,1.0,1.0,1.0,1.0,1.0,1.0,1.0,0.0,0.8636363636363636,0.0,1.0,0.704124125811431,0.612226251009348
PPcz-0UtIJ8O7xDT551y2g,Intermezzo By Wine Cask,CA,Santa Barbara,4.5,141,22.0,1.0,2.0,1.0,0.0,1.0,1.0,1.0,0.0,1.0,0.0,1.0,0.779844520347459,0.723140010237694
29YqJwOGEuAWqlHZxMc1OA,Paradise Cafe,CA,Santa Barbara,3.5,290,66.0,1.0,2.0,1.0,1.0,1.0,1.0,0.0,0.0,1.0,0.0,1.0,0.71160562193557,0.636524884617084
KiE0h68HGOO7ZXAqkMBdiw,Starbucks,CA,Santa Barbara,2.5,35,105.5,1.0,1.0,1.0,1.0,1.0,1.0,1.0,0.0,0.8636363636363636,0.0,1.0,0.648024299078517,0.524809764077266
fAiPD2OIEm9wtS7uJqzu5Q,Natural Cafe,CA,Goleta,4.0,130,54.0,1.0,2.0,1.0,1.0,1.0,1.0,1.0,0.0,1.0,0.0,0.0,0.7580262395873,0.679840415493766
uVIOgGhOYozGPwpptrF3Cw,Microsoft Cafe,NV,Reno,4.5,11,35.0,1.0,1.0,0.0,1.0,1.0,1.0,1.0,0.0,1.0,0.0,1.0,0.77619771361351,0.689869266748428
h22117eMO-kVtCOLYYL6GA,Darkshot Coffee,NV,Reno,4.0,5,78.0,1.0,,1.0,1.0,0.0,1.0,0.0,0.0,0.8636363636363636,1.0,1.0,0.751815247535705,0.59005229473114
vyyr3G874jpRYSQo2KPZow,Cristino's Bakery,CA,Goleta,5.0,117,71.0,1.0,1.0,0.0,1.0,0.0,1.0,1.0,1.0,0.0,0.0,1.0,0.800967488469196,0.734721856708286
MbzgGsMQpGyVrUJXi_Jw0Q,Dawn Patrol,CA,Santa Barbara,4.0,807,30.0,1.0,2.0,1.0,1.0,1.0,1.0,0.0,0.0,1.0,0.0,1.0,0.741794331676373,0.665348356436924
O6RCCmz8-x4NhWJpI8KQug,Breakfast Culture Club,CA,Santa Barbara,4.0,108,60.0,1.0,2.0,1.0,1.0,1.0,1.0,0.0,0.0,1.0,0.0,1.0,0.75218984726313,0.679071898798685
GaktVVj3HWX0sVMlCXCWZw,Swill Coffee and Wine,NV,Reno,4.0,137,75.0,1.0,2.0,1.0,1.0,1.0,1.0,1.0,1.0,1.0,0.0,1.0,0.749907048458749,0.714005713344466
34Eqv8jXgxg_EEwcsNgeeg,Backyard Bowls,CA,Santa Barbara,4.0,659,63.0,1.0,2.0,0.0,1.0,1.0,1.0,0.0,0.0,1.0,0.0,1.0,0.758475815534051,0.646839779039164
qNXAR7i6Tb3m0J0UBurj6g,The Food Liaison,CA,Carpinteria,4.5,84,16.0,1.0,2.0,1.0,1.0,1.0,1.0,1.0,0.0,1.0,0.0,1.0,0.803532207554037,0.71762305227193
q_CK-buoiPFNDoNNU1yb1A,Emerald City Cafe & Catering,NV,Reno,3.5,32,56.0,1.0,2.0,1.0,1.0,1.0,0.0,1.0,1.0,1.0,0.0,1.0,0.753139515407383,0.702576928772032
2yhZklZm-4SmAVYRdPK4XQ,Daily Grind,NV,Reno,4.0,5,55.0,1.0,1.0,0.0,1.0,0.0,1.0,0.0,0.0,0.0,0.0,0.0,0.722208070755005,0.587093552947044
RIXWht1pZG8pe1SJk5hhXw,Poke Theory SB,CA,Goleta,4.5,54,46.0,1.0,2.0,0.0,1.0,0.0,1.0,1.0,1.0,0.0,0.0,1.0,0.781171561371196,0.68708823539994
zMMSWTHxkLWYR359o-IuAg,The Nook,NV,Reno,4.0,103,24.0,1.0,1.0,0.0,1.0,1.0,1.0,0.0,0.0,0.0,0.0,1.0,0.737881047826893,0.651327509081589
agzEfydzvZWlbzpcMxLPBg,Starbucks,NV,Reno,3.0,41,103.0,1.0,2.0,1.0,1.0,1.0,1.0,0.0,0.0,0.8636363636363636,0.0,1.0,0.634031326846873,0.520204097349593
1wvYBjX6radqmb_k0Fv_Ug,Palihouse Santa Barbara,CA,Santa Barbara,4.0,7,84.0,1.0,,1.0,0.0,1.0,0.0,0.0,0.0,0.8636363636363636,0.0,0.0,0.720180511474609,0.680601043360574
vsrryxBR2Jykl71qa1H6SQ,Caffe Primo,CA,Santa Barbara,4.0,114,37.0,1.0,2.0,1.0,1.0,1.0,1.0,0.0,1.0,1.0,0.0,1.0,0.730516383281121,0.636798962695986
NFFS6Qow43IRG6dRPgZCzQ,Cafe DeLuxe,NV,Reno,4.0,237,49.0,1.0,2.0,1.0,1.0,1.0,1.0,1.0,0.0,1.0,0.0,1.0,0.750061299484603,0.668509813960718
FkRQ735Sh9JOsHBQYXFkEw,Reno Coffee Company,NV,Reno,5.0,63,66.0,1.0,2.0,1.0,1.0,0.0,1.0,0.0,0.0,1.0,0.0,1.0,0.78114633984638,0.70374224718773
mcr1lAEdvGLMJhuPwI3I2A,101 Taiwanese Cuisine,NV,Reno,4.0,1145,22.5,1.0,2.0,1.0,1.0,0.0,0.0,0.0,1.0,1.0,0.0,1.0,0.736507641515222,0.656641360163587
ytaVHTK7kdHxUscf2PCrow,Moon Rabbit Cafe,NV,Reno,5.0,14,4.0,0.0,1.0,1.0,1.0,1.0,1.0,0.0,0.0,2.0,0.0,1.0,0.862529534559983,0.839537249161647
zO0UwsrbwCLYFWpn5jZ2DA,Silver State Eatery,NV,Reno,4.0,38,31.0,1.0,,1.0,1.0,1.0,0.0,0.0,1.0,0.8636363636363636,0.0,1.0,0.762167420741674,0.694674372673035
tVNP5Ap6EAypgwsiPHWW2g,Keva Juice,NV,Reno,4.0,74,88.0,1.0,1.0,0.0,1.0,0.0,1.0,1.0,1.0,1.0,0.0,1.0,0.734819990197818,0.62513764778773
Ell4MNXqG3r-hwp2EtNFlw,Dragon Spring,NV,Reno,5.0,7,47.0,1.0,2.0,0.0,0.0,0.0,0.0,0.0,0.0,0.8636363636363636,0.0,0.0,0.709844359329769,0.782347909041814
g2N8NipQpKIR4h88m2PJXw,The River View Café at the Siena,NV,Reno,2.5,6,91.0,1.0,3.0,0.0,1.0,1.0,0.0,0.0,0.0,1.0,0.0,0.0,0.605912720163663,0.541971092422803
uiv7dH5PsqjOvIWr91iDDA,7-Eleven,NV,Sparks,1.0,6,168.0,1.0,1.0,1.0,1.0,0.0,1.0,0.0,1.0,0.8636363636363636,0.0,0.0,0.573196858167648,0.401118516921997
alpF8d_veJy9Isk6f7wgRQ,7-Eleven,NV,Reno,2.5,9,168.0,1.0,1.0,1.0,1.0,0.0,1.0,0.0,1.0,0.8636363636363636,0.0,1.0,0.620464253425598,0.553493724763393
I_Sxmx6puRYyLS51RtLqtQ,7-Eleven,NV,Reno,3.0,12,168.0,1.0,1.0,0.0,1.0,0.0,1.0,0.0,1.0,0.8636363636363636,0.0,0.0,0.511642770125316,0.396724534149353
IDjYyBrPW5C2CT9mXsyuBA,Daughters Cafe,NV,Reno,4.0,461,24.0,1.0,2.0,0.0,0.0,0.0,1.0,0.0,0.0,1.0,0.0,1.0,0.721587379264017,0.66926526848195
29t8lDBLiwkEd1HA356dOw,Bagel Cafe,CA,Goleta,4.0,386,52.5,1.0,1.0,0.0,1.0,1.0,1.0,1.0,1.0,1.0,0.0,1.0,0.711885333745455,0.602693670676375
U1Gao2oKgFaggpksDIctiQ,Walden's Coffeehouse,NV,Reno,4.5,213,42.0,1.0,2.0,1.0,0.0,0.0,1.0,1.0,1.0,1.0,0.0,1.0,0.76119539141655,0.694664321034341
kXfVql_wkaS7agu6gpzEkw,Bubble Tea Station Cafe,NV,Sparks,4.0,151,61.0,1.0,2.0,0.0,0.0,0.0,1.0,0.0,1.0,1.0,0.0,0.0,0.74609065771877,0.702756204001315
6afesz8yZhjOgijkWl4jig,The Coffee Bean & Tea Leaf,CA,Santa Barbara,3.5,77,100.5,1.0,1.0,1.0,1.0,1.0,1.0,0.0,0.0,0.8636363636363636,0.0,0.0,0.678338693120541,0.551973335444927
mHqsNKj3UPMcQwGu-akL-Q,Starbucks,NV,Reno,3.0,64,72.0,1.0,1.0,1.0,1.0,1.0,1.0,0.0,0.0,0.8636363636363636,0.0,1.0,0.627084824774,0.489382473249284
ErvTvPF3vtLYsEqXqr0nUw,Hummus Fresh,NV,Reno,3.5,130,60.0,1.0,1.0,0.0,1.0,1.0,1.0,1.0,0.0,0.0,0.0,1.0,0.739128625172156,0.630155183319692
e1VGijMQdYT2JujHbf0Xbw,Kona Gold Coffee,NV,Reno,4.0,85,52.5,1.0,1.0,1.0,1.0,1.0,1.0,1.0,0.0,0.0,0.0,1.0,0.730263519618246,0.651820659306314
o8VR_4C-krOcgHiMoi-g6g,Einstein Bros. Bagels,NV,Reno,3.0,296,64.5,1.0,1.0,1.0,1.0,1.0,1.0,1.0,1.0,1.0,0.0,1.0,0.667508004557702,0.541677646531213
YcbkyXTAWjs4FwIMTUHB5A,Boss Coffee And Creamery,NV,Reno,3.5,25,81.0,1.0,1.0,1.0,1.0,0.0,0.0,0.0,0.0,0.8636363636363636,0.0,0.0,0.679802478551865,0.572993829846382
uGo0TCVNOcDQxMArUU0Jrw,Cajun Kitchen Cafe,CA,Goleta,4.0,561,42.0,1.0,2.0,0.0,1.0,1.0,1.0,0.0,1.0,1.0,0.0,1.0,0.752558073019101,0.667638722564927
Js3m_GdqNUGnEgXJ8WMtfQ,Hana Kitchen,CA,Santa Barbara,3.0,253,80.0,1.0,1.0,1.0,1.0,1.0,1.0,1.0,1.0,1.0,0.0,1.0,0.664184102474474,0.526087656208113
jshnKTsnoXLSez5XD1qo7Q,McDonald's,CA,Santa Barbara,2.5,56,134.5,1.0,1.0,1.0,1.0,1.0,1.0,0.0,1.0,1.0,0.0,1.0,0.569111191800662,0.424418370106391
5RsVAkDnMrcSbErS6P1eew,Cajé Coffee Roasters - Isla Vista,CA,Isla Vista,4.5,251,73.5,1.0,1.0,1.0,1.0,1.0,1.0,1.0,1.0,0.8636363636363636,0.0,1.0,0.762365480562798,0.701988354325294
EtGFDdjui_Hww78JU4XoXg,7-Eleven,CA,Santa Barbara,3.0,6,168.0,1.0,1.0,0.0,1.0,0.0,1.0,0.0,1.0,0.8636363636363636,0.0,0.0,0.687919830282529,0.515583957235018
2RtyOlU9mwyVisvgOECaDA,Uniboil,CA,Goleta,4.0,209,54.0,1.0,2.0,1.0,1.0,1.0,1.0,0.0,1.0,1.0,0.0,1.0,0.711205861937832,0.646467325133337
1pd4VYTww1UWDVai2r2RKg,805 Boba,CA,Santa Barbara,3.0,248,49.0,1.0,1.0,1.0,1.0,0.0,1.0,0.0,1.0,0.8636363636363636,0.0,1.0,0.688446651762865,0.590407525753881
DekNG7GWeU28-aMpbfJwNw,The Human Bean,NV,Reno,4.5,149,80.0,1.0,1.0,1.0,1.0,1.0,1.0,0.0,1.0,0.8636363636363636,0.0,1.0,0.764968117265581,0.679992216094485
EzkR89g7pIm12IldI5e6gQ,The Urban Market,NV,Reno,4.5,65,85.0,1.0,2.0,1.0,1.0,0.0,1.0,1.0,0.0,0.8636363636363636,0.0,1.0,0.768921993447073,0.731791255148974
RX3gzXCiKOe2vI7zyB20mg,Cafe Int'l,CA,Goleta,3.0,53,58.5,1.0,1.0,1.0,1.0,1.0,1.0,1.0,0.0,1.0,0.0,1.0,0.679253258726053,0.56900336763315
3lty2YUwjp61iUqNgKVEMw,Marmalade Cafe,CA,Santa Barbara,3.5,175,76.0,1.0,2.0,1.0,1.0,1.0,1.0,1.0,1.0,1.0,0.0,1.0,0.69171472974531,0.60765292765675
lSe_4H6iy6jmnDh_I_AGCg,Hub Coffee Roasters Roastery,NV,Reno,3.0,6,70.0,1.0,1.0,0.0,0.0,1.0,0.0,0.0,0.0,0.8636363636363636,0.0,1.0,0.705648745809283,0.61836022564343
nMn4CTJQPXqpgLltYQrxMA,Cajé Coffee Roasters - Haley St,CA,Santa Barbara,4.5,240,52.5,1.0,2.0,1.0,1.0,1.0,1.0,1.0,0.0,1.0,0.0,1.0,0.795202149832544,0.729980241969105
xQ850u4BgjrN0tpun1zGXA,Hub Coffee Roasters,NV,Reno,3.5,13,46.0,1.0,2.0,1.0,1.0,1.0,1.0,1.0,0.0,0.8636363636363636,0.0,1.0,0.629318718726818,0.569724971285233
W8fyKHzZX68SQWFvwq_JMQ,Hub Coffee Roasters,NV,Reno,4.0,459,48.0,1.0,2.0,1.0,1.0,1.0,1.0,0.0,0.0,1.0,0.0,1.0,0.747982324632399,0.667624568159107
Ku1tYMgJtiURXFR_1dTtsA,Keva Juice,NV,Reno,3.0,47,73.0,1.0,2.0,1.0,1.0,0.0,1.0,1.0,1.0,0.8636363636363636,0.0,0.0,0.663043410827716,0.548431062760452
ZllDVefj_NbGdsMUR5LS2A,Fairly Grounded,NV,Reno,4.0,12,83.0,1.0,1.0,1.0,0.0,1.0,0.0,0.0,0.0,0.8636363636363636,0.0,1.0,0.691839794317881,0.640730338792006
e8NRt-1C8eI85C59pKhJuA,Caffe Luxxe,CA,Santa Barbara,3.5,50,47.0,1.0,,1.0,1.0,1.0,1.0,1.0,0.0,0.8636363636363636,0.0,1.0,0.709942118479655,0.589915108508789
A2slwG21Uulatt357w58PA,Mojo Asian Fusion Café,CA,Isla Vista,4.0,98,46.0,1.0,1.0,1.0,1.0,0.0,0.0,1.0,1.0,0.8636363636363636,0.0,1.0,0.746533775446462,0.653793408882384
f6eBJT2jiXXBkrlHdJMbcA,Gladden and Sons Produce,CA,Santa Barbara,4.5,40,54.0,1.0,2.0,1.0,1.0,0.0,1.0,0.0,1.0,0.8636363636363636,0.0,1.0,0.832759543906811,0.780126972253932
8qGe4GQYyZstFhYa0rvpIg,McDonald's,CA,Goleta,2.0,58,133.0,1.0,1.0,1.0,1.0,1.0,1.0,0.0,1.0,2.0,0.0,1.0,0.58453365543793,0.397026948373893
RtJC7xavgAxOITQyAlGCbQ,Tri-County Produce Co,CA,Santa Barbara,4.0,95,84.0,1.0,2.0,0.0,1.0,0.0,1.0,0.0,0.0,0.8636363636363636,0.0,1.0,0.77614886227407,0.700271549507191
N4o-T6EeZja_fIatrFwx1A,The Lodge,NV,Reno,4.5,36,47.0,1.0,,1.0,1.0,1.0,1.0,0.0,0.0,0.8636363636363636,0.0,1.0,0.764694721312136,0.752198108950177
lu2UpRHLBZfvLG_caNEHKQ,The Natural Cafe,CA,Santa Barbara,4.0,566,49.0,1.0,2.0,0.0,1.0,1.0,1.0,0.0,1.0,0.0,0.0,1.0,0.772513227729065,0.67531788567598
PWWGbkPC_agn-4s1Hv1W5A,Handlebar Coffee Roasters,CA,Santa Barbara,4.5,1048,50.0,1.0,2.0,1.0,1.0,1.0,1.0,0.0,0.0,1.0,0.0,1.0,0.775396783080254,0.684145458463558
gsXBNWHWhHv_f9NcwpVajw,Lighthouse Coffee,CA,Santa Barbara,4.5,29,70.0,0.0,1.0,1.0,0.0,1.0,0.0,0.0,0.0,0.8636363636363636,0.0,1.0,0.801997322460701,0.711373047582034
zEZO2ySF7ym3rWyXBln0zQ,Outlaw Coffee,NV,Verdi,4.5,78,44.0,1.0,1.0,1.0,1.0,1.0,1.0,0.0,0.0,0.0,0.0,1.0,0.81648755375343,0.742402453211289
qS7uSZdQ3f0HqYSSaiYQ3A,7-Eleven,CA,Santa Barbara,2.0,10,168.0,1.0,1.0,1.0,1.0,0.0,1.0,0.0,1.0,0.8636363636363636,0.0,1.0,0.586058557033539,0.373527574539185
JfXYFsOEElqn5ukwDBml6Q,Phresh Teas  - IV location,CA,Isla Vista,3.0,10,60.0,1.0,,1.0,1.0,1.0,1.0,1.0,1.0,0.8636363636363636,0.0,0.0,0.648433801531792,0.502108980715275
AV--_bzb6m-RqUfk269DBA,7-Eleven,NV,Sparks,1.5,15,168.0,1.0,1.0,1.0,1.0,0.0,0.0,0.0,1.0,0.8636363636363636,0.0,1.0,0.593276705344518,0.417390233278275
-qCCfmWdjCC16j2AQUtOzg,Se7en,NV,Reno,3.5,8,51.0,1.0,2.0,1.0,0.0,1.0,1.0,0.0,0.0,1.0,0.0,0.0,0.685173019766808,0.618266232311726
p2kC-cD22QAQzIGD8ZuqFA,Peet's Coffee,CA,Santa Barbara,4.0,73,70.0,1.0,1.0,1.0,1.0,0.0,1.0,0.0,1.0,1.0,0.0,1.0,0.691001401344935,0.587208044230938
tjIIpbimdbi9Lrb-DoIzKg,Kaiju,CA,Isla Vista,4.0,64,56.0,1.0,2.0,1.0,0.0,0.0,1.0,1.0,1.0,0.8636363636363636,0.0,1.0,0.704962492440686,0.591336719014428
7grEnJV48N6BxbEP3uxISA,Mr B Restaurant & Cafe,CA,Santa Barbara,4.0,21,70.0,1.0,2.0,1.0,1.0,1.0,1.0,1.0,1.0,0.8636363636363636,0.0,1.0,0.788975786595117,0.734744853916622
S7Cl9gYqaC9jlw32yd4_Yg,Starbucks,CA,Santa Barbara,3.0,50,105.5,1.0,1.0,1.0,1.0,1.0,1.0,0.0,0.0,1.0,0.0,1.0,0.648287502573986,0.504426287961941
zWNz-y5mVcJA364mVV-XRw,Crafted Palette,NV,Reno,4.5,144,34.5,1.0,2.0,1.0,1.0,1.0,1.0,1.0,1.0,1.0,0.0,1.0,0.757337499984959,0.710661696907658
1Jo4UC0YNPoPm9Gfur8tQA,McDonald's,NV,Sun Valley,1.0,39,168.0,1.0,1.0,1.0,1.0,0.0,0.0,0.0,1.0,0.8636363636363636,0.0,0.0,0.54082362468426,0.340888538421729
eXTIdWDxaZ4Dh7hB0--kGA,Starbucks,NV,Reno,3.5,14,69.0,1.0,2.0,1.0,1.0,1.0,1.0,0.0,0.0,0.8636363636363636,0.0,1.0,0.693062932867753,0.547891189393244
cOoTIQ0RcudE1R5aRVZzdw,The Garden Market,CA,Carpinteria,3.5,92,56.0,1.0,2.0,1.0,1.0,1.0,1.0,1.0,0.0,0.0,0.0,1.0,0.738615212901946,0.661277621343572
gdEZfd6RFXYmmXX71RDvbA,C'est Cheese,CA,Santa Barbara,4.5,272,0.5,1.0,2.0,0.0,1.0,1.0,1.0,1.0,0.0,1.0,0.0,1.0,0.802477238733416,0.719305861243702
L8rhRyXtpq2nCE0il1KN_g,Coral Tree Cafe,CA,Santa Barbara,3.0,28,47.5,1.0,1.0,1.0,1.0,1.0,1.0,0.0,0.0,0.0,0.0,0.0,0.690827451903245,0.59216192416076
eFn-8QlFGdkT_B-bWigtFQ,Rose Cafe,CA,Santa Barbara,4.0,115,79.0,1.0,2.0,1.0,1.0,0.0,1.0,1.0,0.0,1.0,0.0,1.0,0.75741751830117,0.680897546540789
M3LZKA-tVFRJyPeKA3_2OA,Merci To Go,CA,Santa Barbara,4.5,9,34.0,1.0,2.0,0.0,1.0,1.0,1.0,0.0,0.0,0.0,0.0,1.0,0.79080867767334,0.734807696607378
3tHYTqsJcsZ578bmcneY0A,McDonald's,NV,Reno,1.5,67,128.0,1.0,1.0,1.0,1.0,0.0,0.0,0.0,1.0,1.0,0.0,1.0,0.544472513454301,0.380106457216399
lkwj0-9Sc_anMVNlnuqYAA,Mojo Coffee,CA,Goleta,4.5,12,66.5,1.0,1.0,1.0,0.0,1.0,0.0,0.0,0.0,0.8636363636363636,0.0,1.0,0.730694487690926,0.712842623392741
2pBNVsJo3a3CPbInUu9lvQ,Char West,CA,Santa Barbara,3.0,134,74.0,1.0,2.0,0.0,1.0,1.0,1.0,0.0,0.0,1.0,0.0,1.0,0.679713049169743,0.529563089437557
r28E3Magy-W_w2V_0jfMdA,Starbucks,NV,Reno,3.5,23,81.0,1.0,2.0,1.0,1.0,1.0,1.0,0.0,0.0,0.0,0.0,1.0,0.627976170995019,0.50888245891441
_T8tOBDr3NKNxd0yl5GwjA,Starbucks,CA,Goleta,3.0,113,110.0,1.0,2.0,1.0,1.0,1.0,1.0,0.0,0.0,1.0,0.0,1.0,0.646527454004449,0.537630752234136
XkveGZ8pr9TL5bZCqmzuhA,Hustle & Grind Coffee Company,CA,Santa Barbara,4.5,50,55.0,1.0,1.0,1.0,1.0,1.0,1.0,0.0,0.0,0.8636363636363636,0.0,1.0,0.766778998970985,0.687159828543663
-loV4cB2Uh9TCltTRgGzWQ,Renaud's Patisserie & Bistro,CA,Santa Barbara,4.0,379,53.0,1.0,2.0,0.0,1.0,0.0,1.0,1.0,1.0,0.0,0.0,1.0,0.749635682322762,0.654845297065648
4uspKB1d3pGdgjOClA-UkQ,Cajun Kitchen Cafe,CA,Santa Barbara,4.0,234,52.5,1.0,2.0,0.0,1.0,1.0,1.0,0.0,1.0,1.0,0.0,1.0,0.756470159774131,0.664613421293015
p6yHZaiijFq4b4P3sYSRjA,Merci Montecito,CA,Montecito,4.5,34,42.0,0.0,,1.0,1.0,1.0,0.0,0.0,0.0,0.8636363636363636,0.0,1.0,0.802872559603523,0.747210295323063
FSWJmMXXKAXdL6mrc-DzBQ,Nordstrom Ebar Artisan Coffee,CA,Santa Barbara,4.5,21,70.0,1.0,2.0,1.0,1.0,1.0,1.0,0.0,0.0,1.0,0.0,0.0,0.737058299508962,0.624166697263718
2XK7ZqKSygxnn7iDpIeRbw,Aroma Club,NV,Reno,4.5,61,69.0,1.0,1.0,1.0,1.0,1.0,1.0,1.0,0.0,0.0,0.0,1.0,0.774399495217949,0.714580887230113
2JBon9dZPJLF8oKkxH7KCQ,Sierra Cafe,NV,Verdi,3.5,42,102.5,1.0,1.0,1.0,1.0,0.0,1.0,0.0,0.0,1.0,0.0,0.0,0.685944901860279,0.610863981039628
tARR9jhv5gi9TjsfSVmjmw,Kaffe Crepe,NV,Reno,5.0,454,52.0,1.0,2.0,0.0,1.0,1.0,1.0,0.0,0.0,1.0,0.0,1.0,0.786295319214845,0.738638242499696
ZQ1xusCuRoHneUw_PfZM3w,Dorinda's Chocolates - Downtown Reno,NV,Reno,4.5,133,54.0,1.0,2.0,0.0,1.0,0.0,1.0,0.0,1.0,1.0,0.0,1.0,0.763689370240484,0.700649537571839
XSL9RuLwRTyhNUwUo7WAPw,Starbucks,CA,Santa Barbara,2.0,18,105.5,0.0,,1.0,1.0,0.0,0.0,0.0,1.0,0.8636363636363636,0.0,0.0,0.560427135891385,0.363170738021533
upxQiiUF-6NM9jOJCxS_hg,Hennings Cake Boutique,CA,Santa Barbara,4.0,8,37.5,1.0,2.0,0.0,1.0,0.0,0.0,0.0,0.0,0.8636363636363636,0.0,0.0,0.659786067903042,0.622061595320702
co28Isl2nsvX4-dd33R_yw,Starbucks,NV,Sparks,2.5,98,108.5,1.0,2.0,1.0,1.0,1.0,1.0,0.0,0.0,1.0,0.0,1.0,0.590715324649444,0.449966913089156
Tgq7FzfhLx97K5NBXGO5fA,McDonald's,NV,Reno,1.5,52,168.0,1.0,1.0,1.0,1.0,0.0,1.0,0.0,1.0,1.0,0.0,1.0,0.582432881810448,0.39924396222288
wUCMIE7mRpS6oijQzJBgDg,7-Eleven,NV,Reno,4.0,7,168.0,1.0,1.0,0.0,1.0,0.0,1.0,0.0,1.0,0.8636363636363636,0.0,1.0,0.66639991743224,0.563932150602341
zNbRWVCKNe6gBShmnuAQNw,Ice Milk Company,CA,Goleta,3.5,112,58.0,1.0,1.0,1.0,1.0,1.0,1.0,0.0,0.0,0.8636363636363636,0.0,1.0,0.723504326322623,0.638812873969998
9-1C7wFYA53uxXXYTYCbKw,Bytes,NV,Reno,3.0,11,72.5,1.0,1.0,1.0,1.0,0.0,1.0,0.0,0.0,0.8636363636363636,0.0,0.0,0.678921410441399,0.549919554591179
KobS8yqBelXH11gaIhZJSg,The Endless Summer Bar Cafe,CA,Santa Barbara,3.5,258,73.5,1.0,2.0,1.0,1.0,1.0,1.0,1.0,0.0,1.0,1.0,1.0,0.698986083617006,0.611573546255145
VgAKmXE8B7J0I_O_R13UKQ,Santa Barbara Roasting Company,CA,Santa Barbara,4.0,511,70.5,1.0,1.0,1.0,1.0,1.0,1.0,1.0,1.0,1.0,0.0,1.0,0.73467780404164,0.634902709830995
-JkiE867GwCUuXFETjba2w,Jack's Coffee Shop #2,NV,Reno,3.5,129,55.0,1.0,2.0,1.0,0.0,0.0,1.0,0.0,1.0,1.0,0.0,1.0,0.707941890891754,0.610725246821389
cPQraNrJFprte7438BpD0g,Dunkin,NV,Reno,1.5,16,91.0,0.0,,0.0,1.0,0.0,0.0,0.0,1.0,0.8636363636363636,0.0,0.0,0.588982237502933,0.382464309222996
L9CFXQbU79r6PK8Cy9aAgA,Gimeal Cafe,CA,Goleta,4.5,297,66.5,1.0,2.0,1.0,1.0,1.0,0.0,1.0,1.0,1.0,0.0,1.0,0.785328458331549,0.717325533960244
HNtTgTEYl3kBSN5U5FHHqA,Hub Coffee Roasters,NV,Reno,4.5,200,61.0,1.0,1.0,1.0,0.0,1.0,1.0,0.0,0.0,0.8636363636363636,0.0,1.0,0.769493547391217,0.693629694153678
F8H5zuu_eTx8KpmkgO5JAw,7-Eleven,NV,Reno,2.0,6,168.0,1.0,1.0,1.0,1.0,0.0,0.0,0.0,1.0,0.8636363636363636,0.0,0.0,0.566464439034462,0.431574379404386
IHtbAL6m1T234D-3Q-lC7g,Gao's Noodle House,NV,Spanish Springs,4.0,55,50.0,1.0,2.0,1.0,1.0,0.0,0.0,0.0,0.0,0.8636363636363636,0.0,1.0,0.725853664224798,0.679600315744227
Iq7LZi_MCUg8xAfboc_r7g,Davidson's Organic Teas,NV,Sparks,4.0,15,42.5,1.0,2.0,0.0,0.0,0.0,1.0,0.0,0.0,0.8636363636363636,0.0,1.0,0.702873940651233,0.607463697974499
qGEcvCAdOGqaHMCg5izq2w,Starbucks,NV,Reno,3.0,47,80.5,1.0,2.0,1.0,1.0,1.0,1.0,0.0,0.0,0.8636363636363636,0.0,1.0,0.63916334319622,0.517496666692673
UOiqYBdIPRrMm-lnEbbjBg,Bibo Coffee Co,NV,Reno,4.0,90,105.0,1.0,1.0,0.0,0.0,1.0,0.0,0.0,0.0,0.8636363636363636,0.0,1.0,0.750523936489354,0.650435843545458
qKvQzhukpomdY3ITSSJ5eg,"1, 2, Tea",NV,Reno,4.0,200,54.0,1.0,1.0,0.0,0.0,0.0,0.0,1.0,1.0,1.0,0.0,1.0,0.771358302825891,0.712369417870678
Un-UDVOuv1co3TMmGaumxA,Shoreline Beach Cafe,CA,Santa Barbara,4.0,534,62.5,1.0,2.0,0.0,1.0,1.0,1.0,0.0,0.0,1.0,0.0,1.0,0.722002371130288,0.627470213515104
jKEZv7ID6c5oDPIE30BS4A,Dutch Bros Coffee,NV,Reno,4.5,38,126.0,1.0,1.0,1.0,0.0,1.0,0.0,0.0,0.0,0.8636363636363636,0.0,1.0,0.740440710170849,0.633422870088268
lLDB5H7_Uqpc9hUd_A3Xaw,Biggest Little Boba Shop,NV,Reno,3.5,37,46.0,1.0,2.0,1.0,1.0,0.0,0.0,0.0,1.0,0.8636363636363636,0.0,0.0,0.698911248832136,0.595833272547335
RP8JKUeQHwz_aRYjmipokw,Donut Bistro,NV,Sparks,4.0,156,112.0,1.0,1.0,1.0,1.0,0.0,1.0,0.0,0.0,0.8636363636363636,0.0,1.0,0.717255086838445,0.635116253048182
-TSPsir3LSLO9vVBkvkqUw,The Coffee Bean & Tea Leaf,CA,Carpinteria,3.5,53,107.5,1.0,2.0,1.0,1.0,1.0,1.0,0.0,1.0,0.8636363636363636,0.0,1.0,0.691366674999396,0.565457940349976
R6IRHj65pEE-YJHVudBuVQ,Starbucks,NV,Reno,2.5,77,97.0,1.0,2.0,1.0,1.0,1.0,1.0,0.0,0.0,0.8636363636363636,0.0,1.0,0.603989680002375,0.445249814085844
-bxLBGgtchd-O6-2CdDThA,Coffee N’ Comics,NV,Reno,5.0,110,85.0,1.0,1.0,1.0,1.0,1.0,1.0,0.0,1.0,1.0,0.0,0.0,0.780749364057556,0.76406913693063
vLKZGIQYKaTDxcY5shttWg,Starbucks,NV,Reno,3.0,5,101.0,0.0,,1.0,0.0,0.0,0.0,0.0,0.0,0.8636363636363636,0.0,0.0,0.68884003162384,0.533303007483482
e1l1IlKpL7FJlM4ivnoO2g,Bubble Tea Station Cafe,NV,Reno,4.0,159,52.0,1.0,1.0,1.0,0.0,1.0,1.0,1.0,1.0,0.8636363636363636,0.0,1.0,0.7226744864772,0.623931455539494
IZZ7J14VnJGyUqYH1tgT6w,Satellite,CA,Santa Barbara,4.5,159,47.0,1.0,2.0,1.0,1.0,1.0,1.0,1.0,1.0,1.0,0.0,1.0,0.813761481511518,0.736402428937408
ReKQjTVB8L2vnaxZKmRUpQ,The Original Mels - Reno,NV,Reno,3.0,269,123.0,1.0,2.0,0.0,1.0,0.0,1.0,0.0,1.0,1.0,0.0,1.0,0.668234271908495,0.544776521488648
kxxexMsFL4xJLIafhXXFlw,Esau's Cafe,CA,Santa Barbara,4.0,160,109.5,1.0,2.0,0.0,1.0,1.0,1.0,0.0,0.0,1.0,0.0,1.0,0.735318977758288,0.626452100370079
QCaidu0NAS_sseca_xe4hQ,Walden's Coffeehouse,NV,Reno,4.0,383,48.0,1.0,2.0,1.0,1.0,1.0,1.0,1.0,0.0,1.0,0.0,1.0,0.759646520810427,0.668170886231218
RpxJ4-rYuqAI2an7WGELFQ,Starbucks,NV,Reno,2.0,35,48.0,1.0,1.0,1.0,1.0,0.0,0.0,0.0,0.0,0.8636363636363636,0.0,1.0,0.542946513210024,0.402101664032255
Tpr8CltepNzpRpQC2JM4pQ,Sage & Onion Cafe,CA,Goleta,4.0,90,54.0,1.0,1.0,1.0,1.0,1.0,1.0,1.0,0.0,1.0,0.0,1.0,0.751525849103928,0.658583411056062
lzx4AFxrByuVxgyZwRMYYg,Starbucks,NV,Reno,3.0,53,78.0,1.0,2.0,1.0,1.0,1.0,1.0,0.0,0.0,1.0,0.0,1.0,0.640532904321497,0.530360532348806
JXhIz744GI7U_ereD9Nf8g,Jack's Cafe,NV,Sparks,4.0,281,49.0,1.0,2.0,1.0,1.0,0.0,1.0,0.0,1.0,1.0,0.0,1.0,0.712399293565088,0.631554860569951
_l05Dd6BKBAiJKX71bLq6g,Open Cup Coffee & Tea,CA,Santa Barbara,4.0,11,97.5,1.0,1.0,1.0,0.0,1.0,0.0,0.0,0.0,0.8636363636363636,0.0,1.0,0.722192978858948,0.673998686671257
KWIgNJwWWS34AvGaC0HdYQ,Starbucks,NV,Reno,3.5,53,90.0,1.0,2.0,1.0,1.0,1.0,1.0,0.0,0.0,0.8636363636363636,0.0,1.0,0.643867119632918,0.513709142290313
u3uB0GD7cVf5NC-AFHdwnQ,Golden Line Coffee Bar,CA,Santa Barbara,5.0,10,19.5,1.0,,1.0,1.0,1.0,1.0,0.0,0.0,0.8636363636363636,0.0,0.0,0.778811621665955,0.784997463226318
5vIfUavd23X3lBzjnnc4QA,Winchell's Donuts,CA,Santa Barbara,3.0,21,168.0,1.0,1.0,1.0,1.0,0.0,1.0,0.0,0.0,0.8636363636363636,0.0,1.0,0.662606995730173,0.561273374018215
_oEolwACvc0oFQdd8yM6gA,McDonald's,NV,Reno,1.5,51,128.0,1.0,1.0,1.0,1.0,1.0,1.0,0.0,1.0,1.0,0.0,1.0,0.535461901493792,0.342699881432191
lA5BOb5Om5cn_dfwiOgbNg,McDonald's,NV,Reno,1.5,111,168.0,1.0,1.0,1.0,1.0,0.0,1.0,0.0,1.0,1.0,0.0,1.0,0.555612394684239,0.363482468745165
Hj44PIrCtv61ETVclzLMwg,Jeannine's American Bakery Restaurant,CA,Santa Barbara,4.0,380,24.0,1.0,2.0,0.0,1.0,0.0,1.0,0.0,1.0,1.0,0.0,1.0,0.743945827875188,0.652707463849789
NCHUoBAMTDqI754PICPN9A,Starbucks,CA,Isla Vista,3.0,99,84.0,1.0,1.0,1.0,0.0,1.0,1.0,1.0,0.0,0.8636363636363636,0.0,1.0,0.642876831671366,0.519826484557528
qGktl0XjPNgc1nRJavkLGA,Starbucks,NV,Reno,2.5,17,55.0,1.0,2.0,1.0,1.0,1.0,0.0,0.0,0.0,1.0,0.0,1.0,0.603496450930834,0.487624410539865
JU4Ea-xwPCGOUG93TUrVmA,1 2 Tea,NV,VC Highlands,4.5,40,60.0,0.0,,0.0,1.0,0.0,0.0,0.0,1.0,0.8636363636363636,0.0,1.0,0.762955711001442,0.687794246843883
msIS0f3xGr0SQFqkQ1wM3A,The Blue Bean,NV,Reno,4.0,6,45.0,1.0,1.0,1.0,1.0,0.0,0.0,1.0,1.0,0.0,0.0,1.0,0.798319595200675,0.721545892102378
SWP5Cck3Hd_g-KWfVkF_IQ,KOL'S,CA,Isla Vista,4.0,26,30.0,1.0,1.0,1.0,1.0,1.0,1.0,1.0,1.0,1.0,0.0,1.0,0.700443899189984,0.62975999712944
L9QTAucz_in5f-ufCrvb1Q,Live Culture,CA,Santa Barbara,3.5,43,85.0,1.0,2.0,1.0,0.0,1.0,0.0,0.0,0.0,1.0,0.0,1.0,0.724234268069267,0.678096820257212
Aj44kUBmEfJlUsGCvKJKtw,Starbucks,CA,Santa Barbara,3.0,21,105.5,1.0,1.0,1.0,1.0,1.0,0.0,0.0,0.0,0.8636363636363636,0.0,1.0,0.642898333924157,0.504833882053693
6SYG6M05gIwaj3doas6X9Q,Tealeaf Cafe,NV,Reno,4.0,125,54.0,1.0,1.0,1.0,1.0,0.0,0.0,0.0,1.0,1.0,0.0,1.0,0.753922587260604,0.674897155025974
bTVY4S3fC-ZI4-Vy-fvCsQ,7-Eleven,CA,Goleta,3.5,5,168.0,1.0,1.0,0.0,1.0,0.0,1.0,0.0,1.0,0.8636363636363636,0.0,0.0,0.633630871772766,0.427225011587143
jgOgj1gvfPy3DEIpSjQiOQ,McDonald's,NV,Reno,2.0,37,132.5,1.0,1.0,1.0,1.0,0.0,0.0,0.0,1.0,0.8636363636363636,0.0,1.0,0.577149950322651,0.419837228244259
p73i2GDzPRZJbYBa8qtpSQ,IV Drip,CA,Isla Vista,4.0,146,122.5,1.0,1.0,1.0,1.0,1.0,1.0,0.0,0.0,1.0,0.0,1.0,0.757664133395467,0.640333453611452
3fpAmsSuEFNF29UUPpgwlw,Spudnuts & Bagels,CA,Santa Barbara,4.5,292,80.0,1.0,1.0,0.0,0.0,0.0,1.0,0.0,1.0,0.8636363636363636,0.0,1.0,0.78578474243482,0.729144812872012
dDU-0EW4Asx-RnM-vULFQw,Lighthouse Coffee,CA,Santa Barbara,4.5,87,70.0,1.0,,1.0,0.0,1.0,0.0,0.0,0.0,0.8636363636363636,0.0,1.0,0.75770942130308,0.68159688152801
0Qs-G8Xs-mz-jmQH5lez5A,Museum Cafe,CA,Santa Barbara,4.5,22,20.0,1.0,2.0,0.0,1.0,0.0,1.0,1.0,0.0,1.0,0.0,1.0,0.792576768181541,0.712320567532019
q7kwvOr9Cr3isDn6r-FaHA,Fresco Cafe,NV,Reno,3.5,15,35.0,1.0,2.0,0.0,1.0,1.0,0.0,1.0,1.0,1.0,0.0,1.0,0.677618288568088,0.610842091696603
JIf1gHuAp_abYX7i1b2Y-w,Mellow Fellow,NV,Reno,4.0,285,74.0,1.0,2.0,1.0,0.0,1.0,1.0,0.0,0.0,1.0,0.0,1.0,0.710929297555277,0.636157730665174
etqiTJ31Bl3Fuh3CWTSHxw,The Coffee Bean & Tea Leaf,CA,Santa Barbara,4.0,49,103.0,1.0,1.0,1.0,1.0,1.0,1.0,0.0,0.0,0.8636363636363636,0.0,1.0,0.715409966111183,0.634983169734478
57i-zASRB3jO1S6_oPvcZw,Isabel's Bakery,NV,Sparks,4.0,123,40.0,1.0,2.0,0.0,1.0,0.0,1.0,0.0,1.0,0.8636363636363636,0.0,1.0,0.699312917060322,0.619545158294458
mQtDQblKR8-RY295XLyGMA,Starbucks,NV,Sparks,3.0,14,105.0,0.0,,1.0,0.0,0.0,0.0,0.0,0.0,0.8636363636363636,0.0,0.0,0.658487815942083,0.528801155941827
uQSCNdPI0dC_sPsOh1U8NQ,McDonald's,CA,Santa Barbara,2.0,41,168.0,1.0,1.0,1.0,1.0,0.0,1.0,0.0,1.0,2.0,0.0,0.0,0.582891281785035,0.372176206693417
WVYcB73fVpBMznlhhqjL4w,Glory Cloud Coffee Roasters,NV,Sparks,5.0,27,27.25,1.0,,1.0,1.0,0.0,1.0,0.0,0.0,0.8636363636363636,0.0,1.0,0.804869292037828,0.769280496452536
0iLgVQpBeIYYwQZIblTTVw,Cafe 154,CA,Santa Barbara,4.0,10,56.5,1.0,,1.0,1.0,1.0,0.0,0.0,1.0,0.8636363636363636,0.0,0.0,0.736380517482758,0.720527097582817
UiJiURqivPDuvMsFgRF3yQ,The Honey B,CA,Santa Barbara,4.5,215,44.0,1.0,1.0,0.0,1.0,1.0,0.0,1.0,1.0,0.0,0.0,1.0,0.758940442844674,0.683278834861186
0pVM5OaWWu-M0TWMQ9Zwyg,Mendoza’s Coffee,NV,Sun Valley,4.0,33,78.5,0.0,2.0,1.0,1.0,0.0,0.0,0.0,1.0,0.8636363636363636,0.0,0.0,0.715403708544644,0.710527719873371
YP6IjFUxh9_VcFUWq5ru-g,Mellow Mornings,NV,Reno,3.5,6,35.0,1.0,1.0,1.0,1.0,0.0,0.0,0.0,0.0,0.8636363636363636,0.0,0.0,0.760493502020836,0.613336389263471
TF3qNGUBUgIYp6u0j79JHQ,BJ's Nevada Barbecue,NV,Sparks,4.0,702,64.0,1.0,2.0,0.0,1.0,1.0,1.0,1.0,0.0,1.0,0.0,1.0,0.721623638357667,0.646054813005589
lCpO0y4VR19qMGWprbiGDQ,Starbucks,NV,Reno,2.5,96,125.0,1.0,2.0,1.0,1.0,1.0,1.0,0.0,0.0,1.0,0.0,1.0,0.604945065975189,0.459008062928915
1oGCzoCC6HnQWpdK9cCP0g,Low Pigeon Coffee Roasters,CA,Santa Barbara,5.0,93,52.5,1.0,2.0,1.0,1.0,1.0,1.0,0.0,1.0,1.0,0.0,1.0,0.765216700891231,0.701613422403944
9oJinxECxlSutUM0kBOixw,McDonald's,NV,Reno,1.5,34,128.0,1.0,1.0,1.0,1.0,0.0,1.0,0.0,1.0,1.0,0.0,1.0,0.560081629242216,0.380811191882406
gwGLBmNTfIlaTnwFtddbkQ,My Favorite Muffin,NV,Sparks,3.5,134,43.0,1.0,1.0,1.0,1.0,1.0,1.0,1.0,1.0,1.0,0.0,1.0,0.72139209637539,0.627292460138849
FBqYnP7H3TMHYQvafuBTSA,Hiwi Tropical Fusion,CA,Goleta,3.5,155,91.5,1.0,1.0,1.0,1.0,1.0,1.0,1.0,1.0,1.0,0.0,1.0,0.760765816347721,0.6665721216645
Bye73IBqt2u37RKTgwv8sg,Bibo Coffee Company,NV,Reno,3.5,5,47.0,1.0,1.0,0.0,0.0,0.0,0.0,0.0,0.0,0.8636363636363636,0.0,0.0,0.701811897754669,0.597129660844803
CfxaspC1y3xfmL_AnA-7MQ,Branding Iron Cafe,NV,Reno,3.5,70,168.0,1.0,2.0,1.0,1.0,0.0,1.0,0.0,0.0,1.0,0.0,1.0,0.66299558090575,0.603040245212155
me-gE1a7-DRGK9oeuCmbrw,Starbucks,NV,Reno,2.5,95,112.0,1.0,2.0,1.0,1.0,1.0,1.0,0.0,0.0,0.8636363636363636,0.0,1.0,0.59135612968317,0.462566503544444
45D7B9CqiUTTPUFcqmLx5Q,Live Oak Cafe,CA,Santa Barbara,4.5,263,36.0,1.0,2.0,1.0,1.0,1.0,0.0,0.0,0.0,0.0,0.0,1.0,0.771785056792704,0.723173709292161
HGRR2w9KddspVBYA-4bSlQ,Sunnyside Market & Deli,CA,Santa Barbara,4.0,12,45.0,1.0,1.0,0.0,0.0,0.0,0.0,0.0,0.0,0.8636363636363636,0.0,1.0,0.733665149945479,0.645781287780175
O6fpSQsG6waSug3tccobew,Starbucks,NV,Reno,3.0,77,100.5,1.0,2.0,1.0,1.0,1.0,1.0,0.0,1.0,0.8636363636363636,0.0,1.0,0.625170991569757,0.503665961697698
0iHHsSqphxrBWWecYEJcuQ,Cajé Coffee - Arlington St,CA,Santa Barbara,4.5,72,48.0,1.0,2.0,1.0,1.0,1.0,0.0,0.0,0.0,1.0,0.0,1.0,0.780138886223237,0.724354931049877
wUHUyTrOpUcTVTQpyZFo8w,McDonald's,CA,Santa Barbara,2.0,34,114.0,1.0,1.0,1.0,1.0,0.0,1.0,0.0,1.0,2.0,0.0,1.0,0.612277634880122,0.429300779805464
elEQxid6rZ3tRZF1Kwkr9A,Café Milano,NV,Reno,3.5,486,168.0,1.0,2.0,1.0,1.0,0.0,0.0,0.0,0.0,1.0,0.0,1.0,0.685939334246643,0.612963449051712
qvnfFOgJOvon_Ak8loYMxw,I Bean Grounded,NV,Reno,3.0,16,75.0,1.0,1.0,1.0,0.0,0.0,0.0,0.0,0.0,0.8636363636363636,0.0,1.0,0.674611030256047,0.623275872539071
uEv1I-0r82Krj4eEysjC4A,Red Kettle Coffee,CA,Summerland,4.5,122,48.0,1.0,2.0,1.0,1.0,1.0,1.0,1.0,0.0,1.0,0.0,1.0,0.805734853434369,0.724396442979332
PaP2OwAFRITcjJ_Xb6dUAQ,Old World Coffee Lab,NV,Reno,4.5,15,30.0,1.0,,1.0,1.0,0.0,0.0,0.0,0.0,0.0,0.0,0.0,0.712776027123133,0.680409413576126
r_UPGh9GHMyBhPVMKVxRuw,Cajé Coffee Roasters,CA,Santa Barbara,4.5,36,77.0,0.0,,1.0,0.0,1.0,0.0,0.0,0.0,0.8636363636363636,0.0,1.0,0.765799649887615,0.686633445322514
R722fDi0r2oamiWjbnRP2Q,McDonald's,NV,Reno,1.5,103,168.0,1.0,1.0,1.0,1.0,0.0,1.0,0.0,1.0,1.0,0.0,1.0,0.538858283701397,0.353099807529222
rsEy48n_jB0I-Mofec1NJA,Highway Karaoke and Fresh Tea,CA,Goleta,4.0,105,88.0,1.0,2.0,1.0,1.0,0.0,1.0,0.0,0.0,0.0,0.0,1.0,0.741121838025958,0.646735811484194
kCAvqT_3AWOHx80VALz2lw,7-Eleven,NV,Reno,1.5,6,168.0,1.0,1.0,0.0,1.0,0.0,1.0,0.0,1.0,0.8636363636363636,0.0,1.0,0.48131566743056,0.355668803056081
jS8VAzNJjjekJwBknEFZFw,The Roost,NV,Reno,4.5,50,62.5,1.0,1.0,1.0,1.0,1.0,1.0,0.0,0.0,0.8636363636363636,0.0,0.0,0.76860834314273,0.681146027377019
puDcIJMwP0H_vy9Ty8HFFQ,Starbucks,NV,Sparks,3.5,39,89.0,1.0,1.0,1.0,1.0,1.0,1.0,0.0,0.0,1.0,0.0,1.0,0.651620397965113,0.5044325926365
yOvGqROeTabICY7c80h98Q,7-Eleven,NV,Reno,2.5,15,168.0,1.0,1.0,1.0,1.0,0.0,1.0,0.0,1.0,0.8636363636363636,0.0,1.0,0.57700385649999,0.451592789093653
3DSgJFIaXjdknbZn3LSnPQ,Dart Coffee Co,CA,Santa Barbara,4.5,123,65.0,1.0,2.0,0.0,0.0,0.0,1.0,1.0,0.0,1.0,0.0,1.0,0.761377922534943,0.6864392786026
9gQ3s8WlhHTJen4bCkZYGQ,2nd Street Café Express,NV,Reno,3.0,53,168.0,1.0,1.0,1.0,1.0,0.0,1.0,0.0,0.0,1.0,1.0,1.0,0.652793336732715,0.534696665464663
jl0QetAu4Tgf4mq33ZN9VQ,Le Crepe Cafe,NV,Reno,4.0,89,48.5,1.0,1.0,1.0,1.0,1.0,1.0,1.0,0.0,1.0,0.0,1.0,0.753655747397915,0.671035763981578
Hl_vXTiYLozWo7T9Cq17vw,Aperitivo,CA,Santa Barbara,5.0,47,18.0,1.0,,0.0,0.0,1.0,1.0,1.0,0.0,0.8636363636363636,0.0,0.0,0.857317611258081,0.777840878101105
w8Imup3Dy0-v377-ixFuWQ,Vivoli Café & Trattoria,NV,Reno,3.0,76,24.0,1.0,2.0,0.0,1.0,0.0,0.0,1.0,1.0,0.0,0.0,1.0,0.640298690344836,0.577077045633986
gYrHa4CckDjgOQc5B-yTKA,Reds Bin 211,CA,Santa Barbara,4.0,101,64.0,1.0,2.0,1.0,0.0,1.0,1.0,0.0,0.0,1.0,0.0,1.0,0.737906649850664,0.649863054071154
yIAgFdYQY3UdfDn-qO0K7g,Arts & Letters Cafe,CA,Santa Barbara,4.5,67,24.5,1.0,2.0,0.0,0.0,1.0,1.0,1.0,0.0,0.0,0.0,1.0,0.777919154236282,0.720500068388123
uQcKo8m34OULhySxwRaOAg,Nicoletti's Cafe,CA,Isla Vista,3.5,9,54.5,1.0,1.0,1.0,1.0,1.0,1.0,0.0,0.0,1.0,0.0,1.0,0.686433292097516,0.612949775324927
70vQqNfFTdA3FmqjFDnVfw,McDonald's,NV,Reno,2.0,56,119.0,1.0,1.0,1.0,1.0,0.0,1.0,0.0,1.0,1.0,0.0,1.0,0.582547334796291,0.417632230005022
iJp9sq8UddLSrUtIieoD0A,Good Cup,CA,Santa Barbara,4.0,108,92.0,1.0,1.0,1.0,1.0,1.0,1.0,0.0,0.0,0.8636363636363636,0.0,1.0,0.735641328869639,0.654280789263614
Ukn2qaxEP0sbjoiwn2LwhA,Onus Donuts,CA,Santa Barbara,4.5,37,45.0,1.0,,1.0,1.0,0.0,1.0,1.0,1.0,0.8636363636363636,0.0,0.0,0.740528922628712,0.663927191818083
QFh-h_OZ5Io-mBk32HN28A,Kyle's Kitchen,CA,Santa Barbara,4.0,638,69.5,1.0,2.0,1.0,1.0,1.0,1.0,1.0,1.0,1.0,0.0,1.0,0.745776465059789,0.650825217823309
ZTg2GBgQj1WwAO5ySsTAQw,Beach Bowl,CA,Carpinteria,3.5,55,30.5,1.0,2.0,1.0,0.0,1.0,1.0,0.0,0.0,0.8636363636363636,0.0,1.0,0.720840130069039,0.631379784779115
2HKLaz8nktScK4-1hIFykg,Artisans,NV,Reno,4.0,9,47.5,1.0,2.0,1.0,1.0,0.0,1.0,0.0,0.0,0.0,0.0,0.0,0.771508786413405,0.718339807457394
Z0mBsgDzDnFAEC5o4X6G9g,Java Station,CA,Santa Barbara,3.5,196,77.0,1.0,1.0,1.0,1.0,1.0,1.0,0.0,0.0,0.8636363636363636,0.0,1.0,0.728492499415467,0.629876738059811
70kwtAF7XEtP2WZkOn34fA,Bazaar European Deli & Cafe,NV,Reno,4.5,118,65.0,1.0,2.0,1.0,1.0,1.0,1.0,0.0,0.0,1.0,0.0,1.0,0.795092031098249,0.724912381093753
ip4LFXDktVPxnyq2Ld5i0A,Green Star Coffee,CA,Goleta,5.0,23,32.5,1.0,1.0,0.0,0.0,0.0,0.0,0.0,0.0,0.8636363636363636,0.0,1.0,0.787042806977811,0.709882535364317
-M7wzxpUsdSkQd9PDGsJWA,Tyler's Donuts,CA,Carpinteria,4.0,52,105.0,1.0,1.0,1.0,1.0,0.0,1.0,0.0,0.0,0.8636363636363636,0.0,1.0,0.716632839706209,0.625397818507972
mqKz51qAxfcBaUhNCGcysg,Great Full Gardens - South,NV,Reno,4.5,486,61.5,1.0,2.0,0.0,1.0,0.0,1.0,1.0,1.0,1.0,0.0,1.0,0.772834897100103,0.706174066227804
Nr-ew8B5DBXIhdt1oE9_-A,Jack's Café,NV,Reno,3.5,32,35.0,1.0,1.0,1.0,1.0,0.0,0.0,0.0,0.0,0.0,0.0,1.0,0.695507387630641,0.602729101665318
tfhmTE3ORFmHuo7phIY-KA,Spread Peace Cafe,NV,Reno,2.5,23,82.0,1.0,2.0,1.0,1.0,1.0,0.0,0.0,0.0,0.8636363636363636,0.0,1.0,0.629657877343042,0.574640352101553
PnLZ1uKbRZkv6t72gSvCwQ,Starbucks,NV,Reno,3.0,26,84.0,1.0,1.0,1.0,1.0,1.0,1.0,1.0,0.0,0.8636363636363636,0.0,0.0,0.630499928043439,0.539258201534931
pWDE_rueENu_f5HKA_AsWw,Dune Coffee Roasters - Storke,CA,Goleta,4.0,159,65.5,1.0,1.0,1.0,1.0,1.0,1.0,0.0,1.0,1.0,0.0,1.0,0.753423595903841,0.666198210299381
Lmstm1D0Ch8QP1b2TB-tVw,Perenn Bakery,NV,Reno,4.5,121,54.0,0.0,2.0,1.0,0.0,1.0,0.0,0.0,0.0,0.8636363636363636,0.0,1.0,0.766167728463188,0.733240261382889
UGADjVkBITKPU7I6sMO1oQ,Bella Dolce Bakery,CA,Santa Barbara,4.0,9,43.0,1.0,2.0,0.0,0.0,0.0,0.0,0.0,0.0,0.8636363636363636,0.0,0.0,0.699699366092682,0.638575315475464
FH0MVF7kK0D76Hh4e7hXfQ,Jeannine's American Bakery Restaurant,CA,Santa Barbara,4.0,575,30.0,1.0,2.0,1.0,1.0,1.0,0.0,0.0,1.0,1.0,0.0,1.0,0.735328615848072,0.658380259312625
PDdUfkGAsNLUkgHaJg3tVw,7-Eleven,NV,Reno,2.5,6,168.0,1.0,1.0,0.0,1.0,0.0,1.0,0.0,1.0,0.8636363636363636,0.0,0.0,0.597096234560013,0.439565941691399
a9K3jxNUUe6jr1uh8FsakQ,The Patio Cafe Santa Barbara,CA,Santa Barbara,3.0,65,48.0,1.0,2.0,1.0,1.0,1.0,1.0,1.0,1.0,1.0,0.0,0.0,0.682793647050858,0.556691565071092
RTEaH3i8X3yCLNjOdPw3Pg,7-Eleven,NV,Reno,2.5,5,168.0,1.0,1.0,0.0,1.0,0.0,1.0,0.0,1.0,0.8636363636363636,0.0,0.0,0.616604572534561,0.456108665466309
_JK1veKwxAwk1rp4H7z-1g,Starbucks,NV,Reno,3.0,40,72.0,1.0,2.0,1.0,1.0,1.0,1.0,1.0,0.0,1.0,0.0,1.0,0.620068549364805,0.490215729176998
ZtDiNvGta1prJKyAXhawNg,Desert Sun Bagel,NV,Reno,4.0,18,45.0,1.0,,1.0,1.0,1.0,1.0,1.0,1.0,0.8636363636363636,0.0,1.0,0.741001728508208,0.605674473775758
1l4-uhraQzNiRjppKyMUUQ,Jeannine's American Bakery Restaurant,CA,Goleta,4.5,117,31.0,1.0,2.0,1.0,1.0,1.0,0.0,0.0,0.0,1.0,0.0,1.0,0.793748884883701,0.74254068515749
wmEZ3OqLuD1Z6b3mJSl1yg,Xo Coffee & Tea Bar,CA,Goleta,4.0,55,59.0,1.0,1.0,1.0,1.0,1.0,1.0,1.0,0.0,0.8636363636363636,0.0,1.0,0.737691900946877,0.677262097597122
ol6ATB97MdIuhm6yAGOeMQ,Lucky Llama Coffee,CA,Carpinteria,4.5,486,52.5,1.0,1.0,1.0,1.0,1.0,1.0,0.0,0.0,1.0,0.0,1.0,0.774856700424654,0.685954046290947
T0L0KltiJMAtrYHjqyuoMw,Starbucks,NV,Reno,2.5,16,70.0,1.0,2.0,1.0,1.0,1.0,1.0,0.0,0.0,0.8636363636363636,0.0,1.0,0.657236067578197,0.501338163390756
L4-_gPiqsuX50JN_-qUhNQ,Jeannine’s American Bakery & Restaurant,CA,Santa Barbara,5.0,41,36.0,0.0,2.0,1.0,0.0,1.0,0.0,0.0,0.0,1.0,0.0,1.0,0.778428769693142,0.738487109905336
JnFpgav_bgPN6aSJDYpzyg,7-Eleven,CA,Isla Vista,2.5,24,168.0,1.0,1.0,1.0,1.0,0.0,1.0,0.0,1.0,0.8636363636363636,0.0,0.0,0.577874304159828,0.457674962670907
55Q1klIhnn7tcJ6inLtwiw,The Jungle,NV,Reno,3.5,267,114.0,1.0,1.0,1.0,1.0,1.0,1.0,1.0,0.0,1.0,0.0,1.0,0.719661369553783,0.644547781975646
lpUn1M5exBmKegS1_f3WHA,Wood-Fire Roasted Coffee Company,NV,Reno,5.0,43,20.0,1.0,2.0,0.0,1.0,0.0,1.0,0.0,0.0,0.8636363636363636,0.0,1.0,0.762704912821452,0.679805293016964
fFj8iQ8eVZui5kcPzPVIJw,Dunkin',NV,Sparks,2.0,259,108.5,1.0,1.0,1.0,1.0,1.0,1.0,1.0,1.0,0.8636363636363636,0.0,1.0,0.603151272604431,0.46288514153465
wacMqAA_9USygYvgJAkfgw,Cafe Bellini,NV,Sparks,3.5,129,168.0,1.0,2.0,1.0,0.0,0.0,1.0,0.0,0.0,1.0,1.0,1.0,0.697433886798561,0.60987367359459
j6TDQvbRoMszGR0hyaVxvw,McDonald's,CA,Goleta,2.5,57,129.5,1.0,1.0,1.0,1.0,1.0,1.0,0.0,1.0,1.0,0.0,1.0,0.626912892910472,0.444069846941714
mHmIoIGOfpidrS1fYQ9PbQ,State Street Coffee,CA,Santa Barbara,3.5,92,59.5,1.0,1.0,1.0,1.0,1.0,1.0,0.0,0.0,0.8636363636363636,0.0,0.0,0.65925879568182,0.553524456677898
qUH2FppY7RL96F5tXzA0hQ,Dune Coffee Roasters - State Street,CA,Santa Barbara,4.0,633,63.0,1.0,2.0,1.0,1.0,0.0,1.0,1.0,0.0,1.0,0.0,1.0,0.751277280532626,0.655368308404493
5N33VO4gB41-8Cqm0FzbGA,Sips Coffee and Tea,NV,Reno,3.5,29,133.0,1.0,1.0,0.0,1.0,0.0,0.0,0.0,0.0,0.8636363636363636,0.0,1.0,0.637923330068588,0.550255163990218
dHB4vS2CFu2GlQ9ERG5H3Q,Crepe N' Roll,NV,Reno,4.0,58,66.0,1.0,1.0,0.0,1.0,0.0,1.0,0.0,0.0,0.0,0.0,1.0,0.693972970225981,0.613799715946828
ZRy4atrG3YHdb__qtE0FsA,Mulligan's Cafe & Bar,CA,Santa Barbara,3.5,71,98.0,1.0,2.0,1.0,1.0,1.0,1.0,0.0,1.0,1.0,0.0,1.0,0.756238715930117,0.642660179278917
XXsofYxziipczzc3OFDD5Q,Caffè,CA,Santa Barbara,3.0,8,63.0,1.0,1.0,1.0,1.0,1.0,1.0,0.0,0.0,0.8636363636363636,0.0,0.0,0.677465464919806,0.542612135410309
YJUJqez_Sg0hFDEXHYls0Q,Bibo Coffee & Gelato - West Street Market,NV,Reno,4.5,19,24.0,1.0,,1.0,1.0,1.0,1.0,1.0,0.0,0.8636363636363636,0.0,1.0,0.719845251739025,0.617877413332462
3RPeXlx93lC_W3AH89-SjQ,The Eldorado Coffee Company,NV,Reno,3.5,36,42.0,1.0,1.0,0.0,1.0,0.0,0.0,0.0,0.0,0.8636363636363636,0.0,1.0,0.700137035714255,0.598821887125572
k-q7lm2ovMSTZa4j16OzGg,Gloria’s Cafe,NV,Reno,4.5,106,37.0,0.0,2.0,1.0,0.0,1.0,0.0,0.0,0.0,0.8636363636363636,0.0,0.0,0.779545876990866,0.697866032796877
n_RyzuCAiR4yW2JLkl0Jng,Cafe Shell,CA,Santa Barbara,2.5,21,9.5,1.0,2.0,1.0,1.0,1.0,0.0,0.0,0.0,1.0,0.0,1.0,0.608665291752134,0.542468367587952
6tXfFVJJwfWOY9n7LK8dVw,Siu Asian Express,NV,Sparks,4.0,90,55.0,1.0,1.0,1.0,1.0,0.0,1.0,0.0,0.0,1.0,0.0,1.0,0.742810555388418,0.665478683254692
oS02owt-XB2RtDbogYyn-A,The Coffee Bean & Tea Leaf,CA,Santa Barbara,3.5,50,84.0,1.0,1.0,1.0,1.0,1.0,1.0,1.0,1.0,0.8636363636363636,0.0,1.0,0.67096533715725,0.571487828195095
hrEtM0WMgwhv19mzVnKiJQ,Magic Pita Cafe,CA,Santa Barbara,4.0,26,34.5,1.0,1.0,0.0,1.0,1.0,0.0,0.0,0.0,1.0,0.0,0.0,0.736781004402373,0.626999169588089
2rv-W-PBYciHvOhruq8rlg,Java Jones,CA,Goleta,3.5,15,119.0,1.0,1.0,1.0,0.0,1.0,0.0,0.0,0.0,0.8636363636363636,0.0,1.0,0.704371770222982,0.590160342057546
eFeBGZ8xbYR-LiESfovs_g,Chuck Wagon,NV,Reno,3.5,7,50.0,1.0,1.0,0.0,1.0,1.0,1.0,1.0,0.0,0.0,0.0,1.0,0.664885367665972,0.58345314008849
8u70WVawnsReBWNv7IXNSg,Ding Tea Reno,NV,Reno,4.5,87,61.0,1.0,1.0,1.0,1.0,0.0,0.0,1.0,1.0,1.0,0.0,1.0,0.734564173680085,0.661857293857323
UpWlqQ_jrTF4JAtdGZL33w,Madame Butterwork's Curious Cafe,NV,Reno,3.5,78,28.0,1.0,2.0,1.0,1.0,0.0,0.0,0.0,0.0,0.8636363636363636,0.0,1.0,0.646452540904284,0.576599245145917
OJ9DJLWvQV0h-ZU07QEKag,Gelato n More,CA,Santa Barbara,4.0,126,69.0,1.0,2.0,0.0,1.0,0.0,1.0,0.0,0.0,0.8636363636363636,0.0,1.0,0.733286265106428,0.616964858912286
YcY48yvPw6-FE-5DJCY14g,The Glass Die,NV,Reno,4.5,105,45.0,1.0,1.0,1.0,0.0,1.0,1.0,0.0,0.0,2.0,0.0,1.0,0.745188536246618,0.741798463038036
NmJX_LZ7ShIZqspI31RVZA,Starbucks,CA,Santa Barbara,3.5,85,105.5,1.0,1.0,1.0,1.0,1.0,1.0,0.0,0.0,1.0,0.0,1.0,0.672483523909965,0.543359653166171
yEmEDomLUofVtbZoUeFV5g,The Daily Grind Coffee & Tea Station,CA,Santa Barbara,4.0,312,66.5,1.0,1.0,1.0,1.0,1.0,1.0,1.0,0.0,1.0,0.0,1.0,0.73987181266402,0.64274982870764
7BNS9K9LKnlK3lI9JQsBHQ,The Lucky Childe,NV,Reno,4.0,19,60.0,1.0,,1.0,1.0,1.0,0.0,0.0,0.0,0.8636363636363636,0.0,1.0,0.760751921879618,0.707146517540279
kl2aUBT46mTCujJEWYgS8w,Box Eatery,NV,Reno,4.5,13,42.0,1.0,1.0,0.0,1.0,1.0,0.0,1.0,0.0,3.0,0.0,1.0,0.756146011444239,0.679908321453975
jmMCUCuErJP7EtR_6RVRig,Purple Bean,NV,Reno,4.0,150,74.0,1.0,1.0,1.0,1.0,1.0,1.0,0.0,0.0,1.0,0.0,1.0,0.748309440062016,0.669818609575682
JD4yd4N8HCDziaJKJXk2yA,Tori's Oatmeal Lounge,CA,Goleta,2.5,5,168.0,1.0,1.0,1.0,0.0,1.0,1.0,0.0,0.0,1.0,0.0,0.0,0.720242393016815,0.45102881193161
ue-Me7wcOixhdHNOEQ6j3Q,Starbucks,NV,Reno,3.0,46,105.5,1.0,2.0,1.0,1.0,1.0,1.0,0.0,0.0,0.8636363636363636,0.0,1.0,0.640365797060507,0.506623510133337
LG9WtCRXx_PAr0y4nO0qjg,JoStella Coffee,NV,Reno,4.5,89,50.0,1.0,1.0,1.0,1.0,1.0,1.0,0.0,1.0,0.0,0.0,1.0,0.769597149812258,0.716883651830338
TMfqKovAdxptiQTqv5gslg,The Cafe at Rail City,NV,Sparks,2.5,16,35.0,1.0,1.0,1.0,1.0,0.0,1.0,0.0,0.0,2.0,0.0,1.0,0.656345331952685,0.565596697585923
zuhraj8YI2SZazlUS4GFew,Americana Café,NV,Reno,2.5,86,62.0,1.0,2.0,0.0,1.0,0.0,0.0,0.0,0.0,1.0,0.0,1.0,0.59265121155315,0.482881780465444
efVCzhiCt7bnlWzQyQlYYw,McDonald's,NV,Sparks,2.0,64,98.0,1.0,1.0,1.0,1.0,0.0,1.0,0.0,1.0,1.0,0.0,0.0,0.558957529790474,0.374886778042172
BrtXtNgpCXjcyCKqLW3jPg,7-Eleven,NV,Sparks,2.0,14,168.0,1.0,1.0,1.0,1.0,0.0,1.0,0.0,1.0,0.8636363636363636,0.0,1.0,0.555343745152156,0.369385733207067
uJc9lKaxLNBZch866x4_pA,Marketplace Cafe,CA,Santa Barbara,4.0,47,41.0,1.0,2.0,1.0,1.0,1.0,1.0,0.0,0.0,0.0,0.0,0.0,0.722998494247221,0.659192434459362
s27GlS3WCN7b4dxTpainrg,Twin Cups,CA,Santa Barbara,4.0,7,69.5,1.0,1.0,0.0,0.0,1.0,0.0,0.0,0.0,0.8636363636363636,0.0,1.0,0.668981961905956,0.590711399912834
F-Z2J3GDTNge3K6bsbnKSw,McDonald's,NV,Spanish Springs,1.5,49,137.0,1.0,1.0,1.0,1.0,1.0,0.0,0.0,1.0,1.0,0.0,1.0,0.563795837348905,0.401086015691017
AzQIIA5d5YFrU03pyhV1fg,McDonald's,NV,Sparks,2.0,54,168.0,1.0,1.0,1.0,1.0,0.0,0.0,0.0,1.0,1.0,0.0,1.0,0.583728613598006,0.419513064569661
Ix0DIZoP26W63pu85KBykw,Wow Wow Hawaiian Lemonade,NV,Reno,4.5,35,56.0,1.0,2.0,1.0,1.0,1.0,1.0,0.0,0.0,1.0,0.0,1.0,0.790157576694208,0.749220647356089
odPkQbmZAfsqe2GI760Q0g,Cafe Espresso,NV,Reno,3.0,30,168.0,1.0,2.0,1.0,1.0,0.0,0.0,0.0,0.0,1.0,0.0,0.0,0.678122292955716,0.55291071186463
aOLFlIQibMg_lT2X4qKM2g,Dean: A Coffee Shop,CA,Goleta,4.5,96,68.0,1.0,,1.0,1.0,1.0,1.0,1.0,0.0,0.8636363636363636,0.0,1.0,0.771799126737996,0.715399164588828
OS-4bz9u46-7sVBTMfhkhg,Cabana Cafe,NV,Reno,3.0,18,105.0,1.0,1.0,1.0,1.0,0.0,1.0,0.0,0.0,0.8636363636363636,0.0,0.0,0.680219713010286,0.558952482123124
LMm555z8BReDxgkpF_TEug,Park Place Deli,CA,Santa Barbara,4.0,9,62.5,1.0,1.0,1.0,1.0,1.0,1.0,0.0,0.0,1.0,0.0,1.0,0.762442777554194,0.655542065699895
nAZEMdurfbWLxl9dryfgeA,Wake Cup,CA,Isla Vista,3.5,116,70.5,1.0,1.0,1.0,1.0,1.0,1.0,1.0,0.0,1.0,0.0,1.0,0.708166260929669,0.587683256308572
IRJvFUVDEfS7YQJaiaV8zg,7-Eleven,NV,Reno,2.5,7,168.0,1.0,1.0,0.0,1.0,0.0,0.0,0.0,1.0,0.8636363636363636,0.0,1.0,0.582010103596581,0.431494000885222
rH80UXr5YBv4um7phwwwMw,Crushcakes & Cafe,CA,Isla Vista,3.5,53,72.5,1.0,1.0,1.0,1.0,1.0,1.0,1.0,1.0,1.0,0.0,1.0,0.737311525236477,0.632742382721467
S8TWiMbbBaCNUHbQXOCBNg,2-D Wok,NV,Reno,4.5,171,35.0,1.0,2.0,1.0,1.0,0.0,0.0,1.0,0.0,1.0,0.0,1.0,0.764148455824745,0.685681601253788
dMOwtXTM1j_RP18Wl1RC-Q,bibo coffee company / bibo freddo gelato,NV,Reno,3.5,138,84.0,1.0,1.0,0.0,1.0,1.0,1.0,1.0,0.0,1.0,0.0,1.0,0.697995659473131,0.623873258666169
3kNwvKixMwe44dWvQd5PAQ,Vonz Diner & Collectibles,NV,Sparks,2.5,8,59.0,1.0,2.0,1.0,1.0,0.0,0.0,1.0,1.0,1.0,0.0,1.0,0.622762218117714,0.515638594826063
mVZhzTJ5xoneXa9XMWRyCg,McDonald's,NV,Reno,2.0,9,112.0,0.0,1.0,1.0,1.0,0.0,0.0,0.0,1.0,0.8636363636363636,0.0,0.0,0.540975077284707,0.387794299258126
GmoYBvRsVa18G5FPiXk8JA,Peet's Coffee & Tea,NV,Reno,3.0,33,72.5,1.0,2.0,1.0,1.0,0.0,0.0,0.0,1.0,0.8636363636363636,0.0,0.0,0.576668122501084,0.493537547010364
WVNkMz4sEl35swjVtKHOFw,Alessia Patisserie & Cafe ,CA,Santa Barbara,4.5,112,46.0,1.0,2.0,0.0,1.0,1.0,1.0,0.0,0.0,1.0,0.0,1.0,0.801803246401904,0.763314323467121
tpW26ob4-YTGLQr6xC7mbA,Java Ship Coffee,NV,Reno,5.0,22,68.5,1.0,1.0,0.0,1.0,0.0,1.0,1.0,1.0,0.8636363636363636,0.0,0.0,0.757184646346352,0.717995219609954
thlyktt2c7v1DyOpSVSibw,Scarlett Begonia,CA,Santa Barbara,4.0,897,30.0,1.0,2.0,0.0,1.0,1.0,1.0,0.0,0.0,1.0,0.0,1.0,0.751479364184061,0.676382415481281
_Mbw_orl5EdXJP1XzklQvA,Mimi's Cafe,NV,Reno,3.0,338,76.0,1.0,2.0,1.0,1.0,1.0,1.0,1.0,1.0,1.0,0.0,1.0,0.67413749627664,0.579723470983371
_mGAcxIOqKcL3muEg3LHLA,McDonald's,NV,Reno,1.5,106,168.0,1.0,1.0,1.0,1.0,0.0,1.0,0.0,1.0,1.0,0.0,0.0,0.549609887280634,0.356670396934663
TebJaTyTkScemRVHZUAPoA,Paisan's Old World Deli & Catering,NV,Reno,4.5,205,32.0,1.0,2.0,0.0,1.0,1.0,1.0,1.0,1.0,1.0,0.0,1.0,0.768348757425944,0.685399220458099
_6p_j0UL7ST3b2nvHw82eA,REBAR COFFEE + KTCHN,CA,Santa Barbara,4.0,160,82.0,1.0,2.0,1.0,1.0,1.0,1.0,1.0,0.0,0.0,0.0,1.0,0.755868943385136,0.637042129573263
gFdBHaAKtCycQuVX3fd9Hg,The Java Bean,NV,Sparks,4.5,22,32.0,1.0,1.0,0.0,1.0,0.0,1.0,0.0,0.0,0.8636363636363636,0.0,0.0,0.793345193971287,0.754479398781603
kwqXOtLCbNjgvwuMj4H1AQ,Montecito Gourmet by Village Cheese & Wine,CA,Santa Barbara,4.5,70,40.0,1.0,1.0,1.0,1.0,0.0,1.0,1.0,1.0,0.0,0.0,1.0,0.817628732749394,0.71231358902795
y8RbDyDJd-zGcgThqIZWDg,Zizzo's Brew Pub,CA,Goleta,4.0,36,98.0,1.0,1.0,1.0,1.0,1.0,1.0,1.0,0.0,0.0,0.0,0.0,0.709822412048067,0.660713720321655
3xHyD9FBsQjHXgwI31czXw,7-Eleven,CA,Goleta,2.5,10,168.0,1.0,1.0,1.0,1.0,0.0,0.0,0.0,1.0,0.8636363636363636,0.0,1.0,0.626938307285309,0.528849421441555
GUuLWkqfieTDwORs8z8mDg,Courtyard Cafe,CA,Goleta,3.5,15,48.75,1.0,1.0,1.0,1.0,1.0,1.0,0.0,0.0,2.0,0.0,1.0,0.690593833103776,0.674602314829826
r926yelr_EJAKQCjdD6AWA,State & Fig,CA,Santa Barbara,4.0,519,18.0,1.0,2.0,0.0,1.0,1.0,1.0,1.0,0.0,0.0,0.0,1.0,0.73417554550244,0.662334449646345
3n7VGTZQKyWycuhU_j0lqA,Alchemy Wellness Spa,CA,Santa Barbara,4.0,58,64.0,1.0,2.0,1.0,1.0,0.0,1.0,1.0,0.0,0.0,0.0,1.0,0.759640489089287,0.701070872908932
47JfuGySAVhQmIYynH_yfw,Starbucks,NV,Reno,3.5,33,105.5,1.0,1.0,1.0,1.0,1.0,1.0,0.0,0.0,0.8636363636363636,0.0,1.0,0.633498338215491,0.536012280513259
DuBmz6aUgECGvIZm1ZOsag,Peet's Coffee & Tea,NV,Reno,3.0,20,72.5,1.0,1.0,1.0,1.0,0.0,1.0,0.0,1.0,0.8636363636363636,0.0,0.0,0.622945410013199,0.487858034670353
FT-cRqGz3kJBDgXr-9Fdtw,Sips Coffee and Tea,NV,Reno,3.0,10,133.0,0.0,,1.0,1.0,0.0,0.0,0.0,0.0,0.8636363636363636,1.0,0.0,0.574382101496061,0.580726370215416
8q25GCkL0PngPIlCu2j4Vw,Pangolin Café,NV,Reno,5.0,132,47.0,1.0,1.0,1.0,1.0,1.0,1.0,0.0,1.0,0.0,0.0,1.0,0.823961742843191,0.795678088441491
IIg_XileiB4DRqlTAuVdMQ,Bonanza Casino,NV,Reno,3.0,91,168.0,1.0,1.0,1.0,1.0,0.0,1.0,0.0,0.0,1.0,0.0,1.0,0.663461319546201,0.58231485090149
mMuvlDGcJrokNFd4ob9tcw,Feast: The Cafe at Field + Fort,CA,Summerland,4.0,32,56.0,0.0,,1.0,1.0,1.0,0.0,0.0,0.0,0.8636363636363636,0.0,1.0,0.82610180079937,0.71136084496975
Uif8NGtHlCJmMdrV3pVqCQ,Starbucks,NV,Reno,3.5,22,108.5,1.0,2.0,1.0,0.0,1.0,1.0,0.0,0.0,0.8636363636363636,0.0,1.0,0.687167141748511,0.558007984057717
elX9a3nvGMSweRaMWgSb0Q,Starbucks,CA,Santa Barbara,3.5,92,105.5,1.0,1.0,1.0,1.0,0.0,1.0,0.0,0.0,0.8636363636363636,0.0,1.0,0.688649863004684,0.56325877739771
fZzvYELAKZ0A8wePhHvdiQ,Millies24,NV,Reno,3.0,242,28.0,1.0,2.0,1.0,1.0,0.0,0.0,0.0,0.0,1.0,1.0,1.0,0.655203153313054,0.54378290439104
rlVL-Q-fActNnxip07Z1kw,Hi Point Coffee & Cafe,NV,Reno,4.0,120,48.0,1.0,1.0,1.0,1.0,1.0,1.0,0.0,0.0,1.0,0.0,1.0,0.744570259380778,0.689036144986065
6E9KjyDAdL_vDQCWwhj_KA,Crushcakes & Cafe,CA,Carpinteria,3.5,264,63.0,1.0,2.0,1.0,1.0,1.0,1.0,1.0,0.0,1.0,0.0,1.0,0.727963303945151,0.630149304567571
xUd0QOyVzx9SQhWulcOPAw,Book Ends Cafe,CA,Santa Barbara,5.0,61,39.0,1.0,1.0,1.0,1.0,1.0,1.0,1.0,0.0,0.0,0.0,1.0,0.811496567928185,0.767251408201153
NORF647ibBQ4U-VNMgzSLg,Oakberry Açaí Bowls and Smoothies,CA,Santa Barbara,4.5,77,81.0,1.0,,0.0,1.0,1.0,1.0,1.0,1.0,0.8636363636363636,0.0,0.0,0.834224267647817,0.729025738743635
jtgBkAQuchDYgkdsebzLsQ,Old Town Coffee,CA,Goleta,4.0,300,90.0,1.0,2.0,1.0,1.0,1.0,1.0,0.0,0.0,1.0,0.0,1.0,0.776222000894307,0.72487158689109
mqI7dRVusi8Ktwvx5-p0hQ,Silver Spoon Eatery,NV,Virginia City,5.0,10,46.0,1.0,2.0,0.0,1.0,1.0,1.0,0.0,0.0,0.0,0.0,0.0,0.744145967066288,0.632250472903252
B2KGQwnxjpdY4TIVqmG3XA,Wet Hen Cafe,NV,Reno,4.5,484,28.0,1.0,2.0,1.0,0.0,0.0,1.0,1.0,0.0,1.0,0.0,1.0,0.763099898654287,0.699327798940802
C6AiAF35zwpAoK5jjm-nhA,Montecito Coffee Shop,CA,Santa Barbara,3.5,37,51.0,0.0,2.0,1.0,1.0,1.0,1.0,0.0,0.0,1.0,0.0,1.0,0.729950533671813,0.605197655883702
v-oSCziSbc_S8Ko5nUOI9A,Gourmet Grind,NV,Reno,3.5,23,105.0,1.0,2.0,1.0,1.0,0.0,0.0,0.0,0.0,0.8636363636363636,0.0,0.0,0.708554437285975,0.617966489572274
rZ6i69fbbLdgiIgmU5sFUg,Pho Cafe Hong Kong Diner,NV,Reno,3.0,239,122.5,1.0,1.0,0.0,1.0,0.0,1.0,0.0,1.0,1.0,0.0,1.0,0.684211127360662,0.601749286452929
bSgnLV5MkJycHpv6l5cnNA,My Favorite Muffin & Bagel Cafe,NV,Reno,3.5,83,57.0,1.0,1.0,1.0,1.0,1.0,1.0,1.0,0.0,0.0,0.0,1.0,0.761113124589125,0.627331102710395
yBrK-DwpdbJY2F795ZStcw,Starbucks,NV,Sparks,3.0,55,107.5,1.0,2.0,1.0,1.0,1.0,1.0,0.0,0.0,0.8636363636363636,0.0,1.0,0.621061291884292,0.47683428295634
x4L77IWKk9Yd_d-WNxVb_w,Global Coffee,NV,Reno,4.5,73,44.0,1.0,1.0,1.0,1.0,0.0,1.0,0.0,0.0,1.0,0.0,1.0,0.767715419884081,0.70729494591554
M1r6v01bF7GQFH30FTbyAg,Starbucks,NV,Reno,3.0,33,97.0,1.0,2.0,1.0,1.0,1.0,1.0,0.0,0.0,0.8636363636363636,0.0,1.0,0.658388659358025,0.575990355827592
NCMTfUJYTasYZ64UuGC-rg,Pizza Online Company,CA,Goleta,4.5,105,61.5,0.0,,0.0,1.0,0.0,0.0,0.0,1.0,0.8636363636363636,0.0,1.0,0.756276271740596,0.683892809351285
ZzI68qUPwySLG3pFeQxg6A,Sade Turkish Coffee & Delights,CA,Carpinteria,4.5,20,36.0,1.0,,1.0,1.0,0.0,0.0,1.0,1.0,0.8636363636363636,0.0,1.0,0.730148553848267,0.750908732414246
Kul4eM5SoI36a0jWk5Zu0A,Bubbletea Station,NV,Reno,3.0,70,73.0,1.0,1.0,0.0,1.0,0.0,1.0,0.0,0.0,0.8636363636363636,0.0,1.0,0.698516184943063,0.649777863706861
QjQ-gtUnkne7jch0OLsPIg,Rosie's Café,NV,Sparks,2.5,381,130.0,1.0,2.0,1.0,1.0,0.0,0.0,0.0,0.0,1.0,1.0,1.0,0.596425952172718,0.478946254845777
XTcqhIF7Rfm43aHzJPXT_Q,McDonald's,NV,Sparks,2.5,40,129.5,1.0,1.0,1.0,1.0,1.0,1.0,0.0,1.0,1.0,0.0,0.0,0.614253654011658,0.43048026359507
JRBfLvTRf8umVgq7ZSOm9Q,Cosmic Coffee,NV,Reno,4.0,14,37.5,1.0,1.0,1.0,0.0,0.0,0.0,0.0,0.0,0.8636363636363636,0.0,0.0,0.763252648023459,0.68200244811865
nB6wv6EY7ExXdehFs6sB4A,Pure Water Systems,NV,Reno,4.5,80,46.0,1.0,,0.0,0.0,0.0,0.0,0.0,0.0,0.8636363636363636,0.0,0.0,0.666912412201917,0.599296116166645
O0kQGkmlllaN7oU6sQyzPA,Flir Cafe,CA,Goleta,4.5,21,35.0,1.0,1.0,1.0,1.0,1.0,1.0,1.0,0.0,0.0,0.0,1.0,0.75242710908254,0.663946479558945
wObna18K6-5V-rutqz-jTw,Pathways Cafe,NV,Reno,3.0,9,30.0,1.0,1.0,1.0,1.0,1.0,0.0,0.0,0.0,0.0,0.0,0.0,0.647198680788279,0.659572709351778
i9ASBmmIJS3RjN_UP-TtKw,Starbucks,CA,Santa Barbara,3.0,40,105.5,1.0,2.0,1.0,1.0,1.0,1.0,0.0,0.0,1.0,0.0,1.0,0.61831779394831,0.482301554083824
KD9-X5AykKmiZszrMepjhQ,Homage,NV,Reno,4.0,598,39.0,1.0,2.0,1.0,1.0,1.0,1.0,1.0,1.0,1.0,0.0,1.0,0.75378101971194,0.683137253856213
f8p3fbPnCXeYFpygOgbiqg,McDonald's,NV,Reno,2.0,52,126.0,1.0,1.0,1.0,1.0,0.0,1.0,0.0,1.0,1.0,0.0,1.0,0.559195480176381,0.366012493627412
OZnQZ4sZRwd7L1jMc7pv2w,Sol,NV,Reno,5.0,25,33.0,1.0,2.0,1.0,1.0,1.0,1.0,0.0,0.0,1.0,0.0,1.0,0.788584822416306,0.746235978603363
5GUA13zYgw4_8F6qUMU_LA,Green Star Coffee,CA,Santa Barbara,4.5,63,86.5,1.0,1.0,1.0,1.0,1.0,1.0,0.0,0.0,0.8636363636363636,0.0,1.0,0.76024348776916,0.671441720991299
2w2L1VAFAY89zcKtPC20jA,Magpie Coffee Roasters,NV,Reno,4.5,100,49.0,1.0,1.0,1.0,1.0,1.0,1.0,0.0,0.0,0.8636363636363636,0.0,1.0,0.759637462022977,0.700221205751101
GOiJ4IggzshvIdW7Az8VNg,Reno tea bar,NV,Sparks,3.5,28,66.0,0.0,,0.0,1.0,0.0,0.0,0.0,1.0,0.8636363636363636,0.0,1.0,0.674673532446226,0.618479338785013
