"business_id","mean_yummy","mean_service"
"-JkiE867GwCUuXFETjba2w",0.707941890891754,0.610725246821389
"-M7wzxpUsdSkQd9PDGsJWA",0.716632839706209,0.625397818507972
"-TSPsir3LSLO9vVBkvkqUw",0.691366674999396,0.565457940349976
"-bxLBGgtchd-O6-2CdDThA",0.780749364057556,0.76406913693063
"-kY_HDP7IMvGl-kBIZVU4A",0.743978069908351,0.65212068283268
"-loV4cB2Uh9TCltTRgGzWQ",0.749635682322762,0.654845297065648
"-qCCfmWdjCC16j2AQUtOzg",0.685173019766808,0.618266232311726
"-utd1de-UUgQKZE4VHVLlw",0.75658620595932,0.727345392795709
"0Qs-G8Xs-mz-jmQH5lez5A",0.792576768181541,0.712320567532019
"0iHHsSqphxrBWWecYEJcuQ",0.780138886223237,0.724354931049877
"0iLgVQpBeIYYwQZIblTTVw",0.736380517482758,0.720527097582817
"0pVM5OaWWu-M0TWMQ9Zwyg",0.715403708544644,0.710527719873371
"14UWSgKjw5YLBqKYjBPjtw",0.678913335542421,0.619241006471015
"1Jo4UC0YNPoPm9Gfur8tQA",0.54082362468426,0.340888538421729
"1l4-uhraQzNiRjppKyMUUQ",0.793748884883701,0.74254068515749
"1oGCzoCC6HnQWpdK9cCP0g",0.765216700891231,0.701613422403944
"1pd4VYTww1UWDVai2r2RKg",0.688446651762865,0.590407525753881
"1wvYBjX6radqmb_k0Fv_Ug",0.720180511474609,0.680601043360574
"29YqJwOGEuAWqlHZxMc1OA",0.71160562193557,0.636524884617084
"29t8lDBLiwkEd1HA356dOw",0.711885333745455,0.602693670676375
"2Eyu9uCg0xbitNE_d4u46g",0.749848663806915,0.694318854808807
"2HKLaz8nktScK4-1hIFykg",0.771508786413405,0.718339807457394
"2JBon9dZPJLF8oKkxH7KCQ",0.685944901860279,0.610863981039628
"2RtyOlU9mwyVisvgOECaDA",0.711205861937832,0.646467325133337
"2XK7ZqKSygxnn7iDpIeRbw",0.774399495217949,0.714580887230113
"2pBNVsJo3a3CPbInUu9lvQ",0.679713049169743,0.529563089437557
"2rv-W-PBYciHvOhruq8rlg",0.704371770222982,0.590160342057546
"2w2L1VAFAY89zcKtPC20jA",0.759637462022977,0.700221205751101
"2yhZklZm-4SmAVYRdPK4XQ",0.722208070755005,0.587093552947044
"34Eqv8jXgxg_EEwcsNgeeg",0.758475815534051,0.646839779039164
"3DSgJFIaXjdknbZn3LSnPQ",0.761377922534943,0.6864392786026
"3RPeXlx93lC_W3AH89-SjQ",0.700137035714255,0.598821887125572
"3RtMd3VZ21WL5auDr6Jp9A",0.74537762680224,0.648673600384167
"3fpAmsSuEFNF29UUPpgwlw",0.78578474243482,0.729144812872012
"3kNwvKixMwe44dWvQd5PAQ",0.622762218117714,0.515638594826063
"3lty2YUwjp61iUqNgKVEMw",0.69171472974531,0.60765292765675
"3n7VGTZQKyWycuhU_j0lqA",0.759640489089287,0.701070872908932
"3tHYTqsJcsZ578bmcneY0A",0.544472513454301,0.380106457216399
"3vTG6LQyr3obzfvrK1l1hA",0.597042605280876,0.48027982882091
"3xHyD9FBsQjHXgwI31czXw",0.626938307285309,0.528849421441555
"45D7B9CqiUTTPUFcqmLx5Q",0.771785056792704,0.723173709292161
"47JfuGySAVhQmIYynH_yfw",0.633498338215491,0.536012280513259
"4UEL40Ux-iZfk589CK-iQg",0.863595877374921,0.78647963489805
"4fKGv-3XMlxv_vuiFbuwLA",0.781656434661464,0.752644900167198
"4sOLSCiwSdHhzcXC9Sd0xQ",0.778828797133073,0.706387246432512
"4uspKB1d3pGdgjOClA-UkQ",0.756470159774131,0.664613421293015
"55Q1klIhnn7tcJ6inLtwiw",0.719661369553783,0.644547781975646
"57i-zASRB3jO1S6_oPvcZw",0.699312917060322,0.619545158294458
"5GUA13zYgw4_8F6qUMU_LA",0.76024348776916,0.671441720991299
"5N33VO4gB41-8Cqm0FzbGA",0.637923330068588,0.550255163990218
"5RsVAkDnMrcSbErS6P1eew",0.762365480562798,0.701988354325294
"5vIfUavd23X3lBzjnnc4QA",0.662606995730173,0.561273374018215
"613euL4IockQDQ3tFi_M6A",0.740400302410126,0.762714910507202
"6E9KjyDAdL_vDQCWwhj_KA",0.727963303945151,0.630149304567571
"6SYG6M05gIwaj3doas6X9Q",0.753922587260604,0.674897155025974
"6afesz8yZhjOgijkWl4jig",0.678338693120541,0.551973335444927
"6tXfFVJJwfWOY9n7LK8dVw",0.742810555388418,0.665478683254692
"70kwtAF7XEtP2WZkOn34fA",0.795092031098249,0.724912381093753
"70vQqNfFTdA3FmqjFDnVfw",0.582547334796291,0.417632230005022
"7AAUjAvOS10dMx1F_QMaew",0.594600396997788,0.448313990060021
"7BNS9K9LKnlK3lI9JQsBHQ",0.760751921879618,0.707146517540279
"7YiLEuHuUONZrMPT0OxXUQ",0.555328675535288,0.373380918348773
"7grEnJV48N6BxbEP3uxISA",0.788975786595117,0.734744853916622
"7o-p4IlitJ-SbSCZ84vHqQ",0.795991694927216,0.72320813536644
"8q25GCkL0PngPIlCu2j4Vw",0.823961742843191,0.795678088441491
"8qGe4GQYyZstFhYa0rvpIg",0.58453365543793,0.397026948373893
"8u70WVawnsReBWNv7IXNSg",0.734564173680085,0.661857293857323
"9-1C7wFYA53uxXXYTYCbKw",0.678921410441399,0.549919554591179
"9Ekfby4OgzWs96RO8M4tnQ",0.790806341171265,0.700832164287567
"9gQ3s8WlhHTJen4bCkZYGQ",0.652793336732715,0.534696665464663
"9oJinxECxlSutUM0kBOixw",0.560081629242216,0.380811191882406
"A2slwG21Uulatt357w58PA",0.746533775446462,0.653793408882384
"AV--_bzb6m-RqUfk269DBA",0.593276705344518,0.417390233278275
"Aj44kUBmEfJlUsGCvKJKtw",0.642898333924157,0.504833882053693
"AzQIIA5d5YFrU03pyhV1fg",0.583728613598006,0.419513064569661
"B2KGQwnxjpdY4TIVqmG3XA",0.763099898654287,0.699327798940802
"BrtXtNgpCXjcyCKqLW3jPg",0.555343745152156,0.369385733207067
"Bye73IBqt2u37RKTgwv8sg",0.701811897754669,0.597129660844803
"C6AiAF35zwpAoK5jjm-nhA",0.729950533671813,0.605197655883702
"CPFKi2lZJazP6IdtCdDDyg",0.776745604832279,0.718392624956533
"CbpT0UHGugQdpfK5HUekew",0.637452789328315,0.496396831490777
"CfxaspC1y3xfmL_AnA-7MQ",0.66299558090575,0.603040245212155
"DekNG7GWeU28-aMpbfJwNw",0.764968117265581,0.679992216094485
"DuBmz6aUgECGvIZm1ZOsag",0.622945410013199,0.487858034670353
"Ee-V8jWifZDvRyFrSW5LIw",0.77115830248184,0.692071227620729
"Ell4MNXqG3r-hwp2EtNFlw",0.709844359329769,0.782347909041814
"ErvTvPF3vtLYsEqXqr0nUw",0.739128625172156,0.630155183319692
"EtGFDdjui_Hww78JU4XoXg",0.687919830282529,0.515583957235018
"EzkR89g7pIm12IldI5e6gQ",0.768921993447073,0.731791255148974
"F-Z2J3GDTNge3K6bsbnKSw",0.563795837348905,0.401086015691017
"F3dxQiOwN55rSLw-BNSq6A",0.772695790903241,0.669946443216473
"F8H5zuu_eTx8KpmkgO5JAw",0.566464439034462,0.431574379404386
"FBqYnP7H3TMHYQvafuBTSA",0.760765816347721,0.6665721216645
"FH0MVF7kK0D76Hh4e7hXfQ",0.735328615848072,0.658380259312625
"FSWJmMXXKAXdL6mrc-DzBQ",0.737058299508962,0.624166697263718
"FT-cRqGz3kJBDgXr-9Fdtw",0.574382101496061,0.580726370215416
"FYw5uf26ry8-MuPKD10z0Q",0.734760842609162,0.662074778951248
"FkRQ735Sh9JOsHBQYXFkEw",0.78114633984638,0.70374224718773
"GOiJ4IggzshvIdW7Az8VNg",0.674673532446226,0.618479338785013
"GUuLWkqfieTDwORs8z8mDg",0.690593833103776,0.674602314829826
"GaktVVj3HWX0sVMlCXCWZw",0.749907048458749,0.714005713344466
"GmoYBvRsVa18G5FPiXk8JA",0.576668122501084,0.493537547010364
"GqQSFMLaM25zcM5OnCWnnQ",0.782587133004115,0.674500602025252
"HGRR2w9KddspVBYA-4bSlQ",0.733665149945479,0.645781287780175
"HNtTgTEYl3kBSN5U5FHHqA",0.769493547391217,0.693629694153678
"Hj44PIrCtv61ETVclzLMwg",0.743945827875188,0.652707463849789
"Hl_vXTiYLozWo7T9Cq17vw",0.857317611258081,0.777840878101105
"IDjYyBrPW5C2CT9mXsyuBA",0.721587379264017,0.66926526848195
"IDtLPgUrqorrpqSLdfMhZQ",0.7422639837116,0.656407478414476
"IHtbAL6m1T234D-3Q-lC7g",0.725853664224798,0.679600315744227
"IIg_XileiB4DRqlTAuVdMQ",0.663461319546201,0.58231485090149
"IRJvFUVDEfS7YQJaiaV8zg",0.582010103596581,0.431494000885222
"IZZ7J14VnJGyUqYH1tgT6w",0.813761481511518,0.736402428937408
"I_Sxmx6puRYyLS51RtLqtQ",0.511642770125316,0.396724534149353
"IjJSHYMgXV3ZQSAr0tn19A",0.780146217917743,0.744948049114175
"Iq7LZi_MCUg8xAfboc_r7g",0.702873940651233,0.607463697974499
"Ix0DIZoP26W63pu85KBykw",0.790157576694208,0.749220647356089
"JD4yd4N8HCDziaJKJXk2yA",0.720242393016815,0.45102881193161
"JIf1gHuAp_abYX7i1b2Y-w",0.710929297555277,0.636157730665174
"JRBfLvTRf8umVgq7ZSOm9Q",0.763252648023459,0.68200244811865
"JU4Ea-xwPCGOUG93TUrVmA",0.762955711001442,0.687794246843883
"JXhIz744GI7U_ereD9Nf8g",0.712399293565088,0.631554860569951
"JfXYFsOEElqn5ukwDBml6Q",0.648433801531792,0.502108980715275
"JnFpgav_bgPN6aSJDYpzyg",0.577874304159828,0.457674962670907
"Js3m_GdqNUGnEgXJ8WMtfQ",0.664184102474474,0.526087656208113
"KD9-X5AykKmiZszrMepjhQ",0.75378101971194,0.683137253856213
"KWIgNJwWWS34AvGaC0HdYQ",0.643867119632918,0.513709142290313
"KiE0h68HGOO7ZXAqkMBdiw",0.648024299078517,0.524809764077266
"KobS8yqBelXH11gaIhZJSg",0.698986083617006,0.611573546255145
"Ku1tYMgJtiURXFR_1dTtsA",0.663043410827716,0.548431062760452
"Kul4eM5SoI36a0jWk5Zu0A",0.698516184943063,0.649777863706861
"L4-_gPiqsuX50JN_-qUhNQ",0.778428769693142,0.738487109905336
"L8rhRyXtpq2nCE0il1KN_g",0.690827451903245,0.59216192416076
"L9CFXQbU79r6PK8Cy9aAgA",0.785328458331549,0.717325533960244
"L9QTAucz_in5f-ufCrvb1Q",0.724234268069267,0.678096820257212
"LG9WtCRXx_PAr0y4nO0qjg",0.769597149812258,0.716883651830338
"LMm555z8BReDxgkpF_TEug",0.762442777554194,0.655542065699895
"Lmstm1D0Ch8QP1b2TB-tVw",0.766167728463188,0.733240261382889
"M1r6v01bF7GQFH30FTbyAg",0.658388659358025,0.575990355827592
"M3LZKA-tVFRJyPeKA3_2OA",0.79080867767334,0.734807696607378
"MbzgGsMQpGyVrUJXi_Jw0Q",0.741794331676373,0.665348356436924
"N4o-T6EeZja_fIatrFwx1A",0.764694721312136,0.752198108950177
"NCHUoBAMTDqI754PICPN9A",0.642876831671366,0.519826484557528
"NCMTfUJYTasYZ64UuGC-rg",0.756276271740596,0.683892809351285
"NFFS6Qow43IRG6dRPgZCzQ",0.750061299484603,0.668509813960718
"NG3SFWgDgjMMpIJoQoQ3XQ",0.870254571621235,0.728398754046513
"NORF647ibBQ4U-VNMgzSLg",0.834224267647817,0.729025738743635
"NmJX_LZ7ShIZqspI31RVZA",0.672483523909965,0.543359653166171
"Nr-ew8B5DBXIhdt1oE9_-A",0.695507387630641,0.602729101665318
"O0kQGkmlllaN7oU6sQyzPA",0.75242710908254,0.663946479558945
"O6RCCmz8-x4NhWJpI8KQug",0.75218984726313,0.679071898798685
"O6fpSQsG6waSug3tccobew",0.625170991569757,0.503665961697698
"OJ9DJLWvQV0h-ZU07QEKag",0.733286265106428,0.616964858912286
"OS-4bz9u46-7sVBTMfhkhg",0.680219713010286,0.558952482123124
"OZnQZ4sZRwd7L1jMc7pv2w",0.788584822416306,0.746235978603363
"PDdUfkGAsNLUkgHaJg3tVw",0.597096234560013,0.439565941691399
"PPcz-0UtIJ8O7xDT551y2g",0.779844520347459,0.723140010237694
"PWWGbkPC_agn-4s1Hv1W5A",0.775396783080254,0.684145458463558
"PaP2OwAFRITcjJ_Xb6dUAQ",0.712776027123133,0.680409413576126
"PnLZ1uKbRZkv6t72gSvCwQ",0.630499928043439,0.539258201534931
"QCaidu0NAS_sseca_xe4hQ",0.759646520810427,0.668170886231218
"QFh-h_OZ5Io-mBk32HN28A",0.745776465059789,0.650825217823309
"Qh4SE3580B-nnH3DwuAXOA",0.805210471153259,0.7921271443367
"QjQ-gtUnkne7jch0OLsPIg",0.596425952172718,0.478946254845777
"R6IRHj65pEE-YJHVudBuVQ",0.603989680002375,0.445249814085844
"R722fDi0r2oamiWjbnRP2Q",0.538858283701397,0.353099807529222
"RIXWht1pZG8pe1SJk5hhXw",0.781171561371196,0.68708823539994
"RP8JKUeQHwz_aRYjmipokw",0.717255086838445,0.635116253048182
"RTEaH3i8X3yCLNjOdPw3Pg",0.616604572534561,0.456108665466309
"RX3gzXCiKOe2vI7zyB20mg",0.679253258726053,0.56900336763315
"ReKQjTVB8L2vnaxZKmRUpQ",0.668234271908495,0.544776521488648
"RpxJ4-rYuqAI2an7WGELFQ",0.542946513210024,0.402101664032255
"RtJC7xavgAxOITQyAlGCbQ",0.77614886227407,0.700271549507191
"S7Cl9gYqaC9jlw32yd4_Yg",0.648287502573986,0.504426287961941
"S8TWiMbbBaCNUHbQXOCBNg",0.764148455824745,0.685681601253788
"SWP5Cck3Hd_g-KWfVkF_IQ",0.700443899189984,0.62975999712944
"T0L0KltiJMAtrYHjqyuoMw",0.657236067578197,0.501338163390756
"TF3qNGUBUgIYp6u0j79JHQ",0.721623638357667,0.646054813005589
"TMfqKovAdxptiQTqv5gslg",0.656345331952685,0.565596697585923
"TebJaTyTkScemRVHZUAPoA",0.768348757425944,0.685399220458099
"Tgq7FzfhLx97K5NBXGO5fA",0.582432881810448,0.39924396222288
"TiapTI04Gtgj8AhIN-9fqQ",0.653951063752174,0.565338813445785
"Tpr8CltepNzpRpQC2JM4pQ",0.751525849103928,0.658583411056062
"U1Gao2oKgFaggpksDIctiQ",0.76119539141655,0.694664321034341
"UFpCraqzFBAhtZqmxmiWsA",0.752351432287393,0.71331706242401
"UGADjVkBITKPU7I6sMO1oQ",0.699699366092682,0.638575315475464
"UOiqYBdIPRrMm-lnEbbjBg",0.750523936489354,0.650435843545458
"UiJiURqivPDuvMsFgRF3yQ",0.758940442844674,0.683278834861186
"Uif8NGtHlCJmMdrV3pVqCQ",0.687167141748511,0.558007984057717
"Ukn2qaxEP0sbjoiwn2LwhA",0.740528922628712,0.663927191818083
"Un-UDVOuv1co3TMmGaumxA",0.722002371130288,0.627470213515104
"UpWlqQ_jrTF4JAtdGZL33w",0.646452540904284,0.576599245145917
"VeFfrEZ4iWaecrQg6Eq4cg",0.72117189850126,0.620292133974786
"VgAKmXE8B7J0I_O_R13UKQ",0.73467780404164,0.634902709830995
"W8a_FYH-405MtR9_0U7sQQ",0.743973170007978,0.645729560511453
"W8fyKHzZX68SQWFvwq_JMQ",0.747982324632399,0.667624568159107
"WVNkMz4sEl35swjVtKHOFw",0.801803246401904,0.763314323467121
"WVYcB73fVpBMznlhhqjL4w",0.804869292037828,0.769280496452536
"Wndkw2PinAwTgjeUJOTdCg",0.762791645449225,0.702153136947644
"XSL9RuLwRTyhNUwUo7WAPw",0.560427135891385,0.363170738021533
"XTcqhIF7Rfm43aHzJPXT_Q",0.614253654011658,0.43048026359507
"XXsofYxziipczzc3OFDD5Q",0.677465464919806,0.542612135410309
"XkveGZ8pr9TL5bZCqmzuhA",0.766778998970985,0.687159828543663
"YJUJqez_Sg0hFDEXHYls0Q",0.719845251739025,0.617877413332462
"YP6IjFUxh9_VcFUWq5ru-g",0.760493502020836,0.613336389263471
"YcY48yvPw6-FE-5DJCY14g",0.745188536246618,0.741798463038036
"YcbkyXTAWjs4FwIMTUHB5A",0.679802478551865,0.572993829846382
"Z0mBsgDzDnFAEC5o4X6G9g",0.728492499415467,0.629876738059811
"ZQ1xusCuRoHneUw_PfZM3w",0.763689370240484,0.700649537571839
"ZRy4atrG3YHdb__qtE0FsA",0.756238715930117,0.642660179278917
"ZTg2GBgQj1WwAO5ySsTAQw",0.720840130069039,0.631379784779115
"ZllDVefj_NbGdsMUR5LS2A",0.691839794317881,0.640730338792006
"ZtDiNvGta1prJKyAXhawNg",0.741001728508208,0.605674473775758
"ZzI68qUPwySLG3pFeQxg6A",0.730148553848267,0.750908732414246
"_6p_j0UL7ST3b2nvHw82eA",0.755868943385136,0.637042129573263
"_JK1veKwxAwk1rp4H7z-1g",0.620068549364805,0.490215729176998
"_Mbw_orl5EdXJP1XzklQvA",0.67413749627664,0.579723470983371
"_T8tOBDr3NKNxd0yl5GwjA",0.646527454004449,0.537630752234136
"_l05Dd6BKBAiJKX71bLq6g",0.722192978858948,0.673998686671257
"_mGAcxIOqKcL3muEg3LHLA",0.549609887280634,0.356670396934663
"_oEolwACvc0oFQdd8yM6gA",0.535461901493792,0.342699881432191
"a9K3jxNUUe6jr1uh8FsakQ",0.682793647050858,0.556691565071092
"aOLFlIQibMg_lT2X4qKM2g",0.771799126737996,0.715399164588828
"agzEfydzvZWlbzpcMxLPBg",0.634031326846873,0.520204097349593
"alpF8d_veJy9Isk6f7wgRQ",0.620464253425598,0.553493724763393
"bSgnLV5MkJycHpv6l5cnNA",0.761113124589125,0.627331102710395
"bTVY4S3fC-ZI4-Vy-fvCsQ",0.633630871772766,0.427225011587143
"bdfZdB2MTXlT6-RBjSIpQg",0.676993129755321,0.580272142196957
"bjhCtlYHrkgA5Ku8l-rB3g",0.724807583498505,0.632247493655052
"c7GJVA-6lQxcH6QkrRiW0w",0.662332327876772,0.528462823799678
"cBp1fn2LXpSHe4VbTXLYEw",0.773886873445126,0.716108379881791
"cOoTIQ0RcudE1R5aRVZzdw",0.738615212901946,0.661277621343572
"cPQraNrJFprte7438BpD0g",0.588982237502933,0.382464309222996
"cQDwJjslebJv5Co7gCm2Yw",0.772877455729505,0.681624413346467
"co28Isl2nsvX4-dd33R_yw",0.590715324649444,0.449966913089156
"dDU-0EW4Asx-RnM-vULFQw",0.75770942130308,0.68159688152801
"dHB4vS2CFu2GlQ9ERG5H3Q",0.693972970225981,0.613799715946828
"dMOwtXTM1j_RP18Wl1RC-Q",0.697995659473131,0.623873258666169
"e1VGijMQdYT2JujHbf0Xbw",0.730263519618246,0.651820659306314
"e1l1IlKpL7FJlM4ivnoO2g",0.7226744864772,0.623931455539494
"e8NRt-1C8eI85C59pKhJuA",0.709942118479655,0.589915108508789
"eFeBGZ8xbYR-LiESfovs_g",0.664885367665972,0.58345314008849
"eFn-8QlFGdkT_B-bWigtFQ",0.75741751830117,0.680897546540789
"eXTIdWDxaZ4Dh7hB0--kGA",0.693062932867753,0.547891189393244
"efVCzhiCt7bnlWzQyQlYYw",0.558957529790474,0.374886778042172
"elEQxid6rZ3tRZF1Kwkr9A",0.685939334246643,0.612963449051712
"elX9a3nvGMSweRaMWgSb0Q",0.688649863004684,0.56325877739771
"etqiTJ31Bl3Fuh3CWTSHxw",0.715409966111183,0.634983169734478
"f6eBJT2jiXXBkrlHdJMbcA",0.832759543906811,0.780126972253932
"f8p3fbPnCXeYFpygOgbiqg",0.559195480176381,0.366012493627412
"fAiPD2OIEm9wtS7uJqzu5Q",0.7580262395873,0.679840415493766
"fFj8iQ8eVZui5kcPzPVIJw",0.603151272604431,0.46288514153465
"fZzvYELAKZ0A8wePhHvdiQ",0.655203153313054,0.54378290439104
"g2N8NipQpKIR4h88m2PJXw",0.605912720163663,0.541971092422803
"gFdBHaAKtCycQuVX3fd9Hg",0.793345193971287,0.754479398781603
"gYrHa4CckDjgOQc5B-yTKA",0.737906649850664,0.649863054071154
"gdEZfd6RFXYmmXX71RDvbA",0.802477238733416,0.719305861243702
"gsXBNWHWhHv_f9NcwpVajw",0.801997322460701,0.711373047582034
"gwGLBmNTfIlaTnwFtddbkQ",0.72139209637539,0.627292460138849
"h22117eMO-kVtCOLYYL6GA",0.751815247535705,0.59005229473114
"hrEtM0WMgwhv19mzVnKiJQ",0.736781004402373,0.626999169588089
"i9ASBmmIJS3RjN_UP-TtKw",0.61831779394831,0.482301554083824
"iJp9sq8UddLSrUtIieoD0A",0.735641328869639,0.654280789263614
"ip4LFXDktVPxnyq2Ld5i0A",0.787042806977811,0.709882535364317
"iuTj4Se42VUto09Stkiq4A",0.699682395709188,0.625378069124724
"j6TDQvbRoMszGR0hyaVxvw",0.626912892910472,0.444069846941714
"jKEZv7ID6c5oDPIE30BS4A",0.740440710170849,0.633422870088268
"jS8VAzNJjjekJwBknEFZFw",0.76860834314273,0.681146027377019
"jgOgj1gvfPy3DEIpSjQiOQ",0.577149950322651,0.419837228244259
"jl0QetAu4Tgf4mq33ZN9VQ",0.753655747397915,0.671035763981578
"jlkDIOPoRP9SJXTkRVpkMQ",0.761661322264189,0.680178215664424
"jmMCUCuErJP7EtR_6RVRig",0.748309440062016,0.669818609575682
"jshnKTsnoXLSez5XD1qo7Q",0.569111191800662,0.424418370106391
"jtgBkAQuchDYgkdsebzLsQ",0.776222000894307,0.72487158689109
"ju4YP8SLdR_BmWr_-Xh83Q",0.711276124313212,0.644911346140138
"k-q7lm2ovMSTZa4j16OzGg",0.779545876990866,0.697866032796877
"kCAvqT_3AWOHx80VALz2lw",0.48131566743056,0.355668803056081
"kXfVql_wkaS7agu6gpzEkw",0.74609065771877,0.702756204001315
"kf8HXRAZxtC7xVR0Tg-rhA",0.775905924538771,0.711220853527387
"kl2aUBT46mTCujJEWYgS8w",0.756146011444239,0.679908321453975
"kwqXOtLCbNjgvwuMj4H1AQ",0.817628732749394,0.71231358902795
"kxxexMsFL4xJLIafhXXFlw",0.735318977758288,0.626452100370079
"lA5BOb5Om5cn_dfwiOgbNg",0.555612394684239,0.363482468745165
"lCpO0y4VR19qMGWprbiGDQ",0.604945065975189,0.459008062928915
"lLDB5H7_Uqpc9hUd_A3Xaw",0.698911248832136,0.595833272547335
"lSe_4H6iy6jmnDh_I_AGCg",0.705648745809283,0.61836022564343
"liqVJX9k7jCqk9JohlosPw",0.754195576906204,0.720106640458107
"lkwj0-9Sc_anMVNlnuqYAA",0.730694487690926,0.712842623392741
"lpUn1M5exBmKegS1_f3WHA",0.762704912821452,0.679805293016964
"lu2UpRHLBZfvLG_caNEHKQ",0.772513227729065,0.67531788567598
"lzx4AFxrByuVxgyZwRMYYg",0.640532904321497,0.530360532348806
"m2iS4YYmcq6pFpaGCtO-Iw",0.72120612859726,0.555816752570016
"mGxaM5kUC2GhYkp3Dip52Q",0.678709474001222,0.59657495042295
"mHmIoIGOfpidrS1fYQ9PbQ",0.65925879568182,0.553524456677898
"mHqsNKj3UPMcQwGu-akL-Q",0.627084824774,0.489382473249284
"mMuvlDGcJrokNFd4ob9tcw",0.82610180079937,0.71136084496975
"mQtDQblKR8-RY295XLyGMA",0.658487815942083,0.528801155941827
"mVZhzTJ5xoneXa9XMWRyCg",0.540975077284707,0.387794299258126
"ma9v_hyIJtb63dtXfVnamQ",0.829181532065074,0.706585086054272
"mcr1lAEdvGLMJhuPwI3I2A",0.736507641515222,0.656641360163587
"me-gE1a7-DRGK9oeuCmbrw",0.59135612968317,0.462566503544444
"mqI7dRVusi8Ktwvx5-p0hQ",0.744145967066288,0.632250472903252
"mqKz51qAxfcBaUhNCGcysg",0.772834897100103,0.706174066227804
"msIS0f3xGr0SQFqkQ1wM3A",0.798319595200675,0.721545892102378
"myKiQiaRJsPfYnlSW7_qEQ",0.800627774000168,0.748880285024643
"nAZEMdurfbWLxl9dryfgeA",0.708166260929669,0.587683256308572
"nB6wv6EY7ExXdehFs6sB4A",0.666912412201917,0.599296116166645
"nMn4CTJQPXqpgLltYQrxMA",0.795202149832544,0.729980241969105
"n_RyzuCAiR4yW2JLkl0Jng",0.608665291752134,0.542468367587952
"o8VR_4C-krOcgHiMoi-g6g",0.667508004557702,0.541677646531213
"oS02owt-XB2RtDbogYyn-A",0.67096533715725,0.571487828195095
"odPkQbmZAfsqe2GI760Q0g",0.678122292955716,0.55291071186463
"ol6ATB97MdIuhm6yAGOeMQ",0.774856700424654,0.685954046290947
"p2kC-cD22QAQzIGD8ZuqFA",0.691001401344935,0.587208044230938
"p6yHZaiijFq4b4P3sYSRjA",0.802872559603523,0.747210295323063
"p73i2GDzPRZJbYBa8qtpSQ",0.757664133395467,0.640333453611452
"pWDE_rueENu_f5HKA_AsWw",0.753423595903841,0.666198210299381
"puDcIJMwP0H_vy9Ty8HFFQ",0.651620397965113,0.5044325926365
"pxuMxh5oC7W-PDN9wwvozg",0.636257245143255,0.529219426049127
"q7kwvOr9Cr3isDn6r-FaHA",0.677618288568088,0.610842091696603
"qGEcvCAdOGqaHMCg5izq2w",0.63916334319622,0.517496666692673
"qGktl0XjPNgc1nRJavkLGA",0.603496450930834,0.487624410539865
"qKvQzhukpomdY3ITSSJ5eg",0.771358302825891,0.712369417870678
"qNXAR7i6Tb3m0J0UBurj6g",0.803532207554037,0.71762305227193
"qS7uSZdQ3f0HqYSSaiYQ3A",0.586058557033539,0.373527574539185
"qUH2FppY7RL96F5tXzA0hQ",0.751277280532626,0.655368308404493
"q_CK-buoiPFNDoNNU1yb1A",0.753139515407383,0.702576928772032
"qvnfFOgJOvon_Ak8loYMxw",0.674611030256047,0.623275872539071
"r28E3Magy-W_w2V_0jfMdA",0.627976170995019,0.50888245891441
"r926yelr_EJAKQCjdD6AWA",0.73417554550244,0.662334449646345
"rH80UXr5YBv4um7phwwwMw",0.737311525236477,0.632742382721467
"rZ6i69fbbLdgiIgmU5sFUg",0.684211127360662,0.601749286452929
"r_UPGh9GHMyBhPVMKVxRuw",0.765799649887615,0.686633445322514
"rlVL-Q-fActNnxip07Z1kw",0.744570259380778,0.689036144986065
"rsEy48n_jB0I-Mofec1NJA",0.741121838025958,0.646735811484194
"s27GlS3WCN7b4dxTpainrg",0.668981961905956,0.590711399912834
"sSY87quBd3LjV5Rk-KcPPw",0.729417353868484,0.822946812425341
"tARR9jhv5gi9TjsfSVmjmw",0.786295319214845,0.738638242499696
"tVNP5Ap6EAypgwsiPHWW2g",0.734819990197818,0.62513764778773
"tfhmTE3ORFmHuo7phIY-KA",0.629657877343042,0.574640352101553
"thlyktt2c7v1DyOpSVSibw",0.751479364184061,0.676382415481281
"tjIIpbimdbi9Lrb-DoIzKg",0.704962492440686,0.591336719014428
"to6wzDW0qBkrY6zttmngZg",0.757669101158778,0.628232876459757
"tpW26ob4-YTGLQr6xC7mbA",0.757184646346352,0.717995219609954
"u3uB0GD7cVf5NC-AFHdwnQ",0.778811621665955,0.784997463226318
"uEv1I-0r82Krj4eEysjC4A",0.805734853434369,0.724396442979332
"uGo0TCVNOcDQxMArUU0Jrw",0.752558073019101,0.667638722564927
"uJc9lKaxLNBZch866x4_pA",0.722998494247221,0.659192434459362
"uQSCNdPI0dC_sPsOh1U8NQ",0.582891281785035,0.372176206693417
"uQcKo8m34OULhySxwRaOAg",0.686433292097516,0.612949775324927
"uVIOgGhOYozGPwpptrF3Cw",0.77619771361351,0.689869266748428
"ue-Me7wcOixhdHNOEQ6j3Q",0.640365797060507,0.506623510133337
"uiv7dH5PsqjOvIWr91iDDA",0.573196858167648,0.401118516921997
"upxQiiUF-6NM9jOJCxS_hg",0.659786067903042,0.622061595320702
"v-oSCziSbc_S8Ko5nUOI9A",0.708554437285975,0.617966489572274
"v8GLvA8kl1_1L8I2Ie1RCw",0.728047353880746,0.664726225393159
"vLKZGIQYKaTDxcY5shttWg",0.68884003162384,0.533303007483482
"vlqcTafHh27AuDbYtoG8rw",0.767175030495439,0.701921101659536
"vsrryxBR2Jykl71qa1H6SQ",0.730516383281121,0.636798962695986
"vyWlrMyMypGPnipA7ovgSg",0.711785425032888,0.646251465593066
"vyyr3G874jpRYSQo2KPZow",0.800967488469196,0.734721856708286
"w8C_pRQvdIXQ5VRWlW2M3w",0.763840387526311,0.689902492259678
"w8Imup3Dy0-v377-ixFuWQ",0.640298690344836,0.577077045633986
"wObna18K6-5V-rutqz-jTw",0.647198680788279,0.659572709351778
"wUCMIE7mRpS6oijQzJBgDg",0.66639991743224,0.563932150602341
"wUHUyTrOpUcTVTQpyZFo8w",0.612277634880122,0.429300779805464
"wacMqAA_9USygYvgJAkfgw",0.697433886798561,0.60987367359459
"wmEZ3OqLuD1Z6b3mJSl1yg",0.737691900946877,0.677262097597122
"wuzoQhym6ll3fjAiVgIJbw",0.704124125811431,0.612226251009348
"x4L77IWKk9Yd_d-WNxVb_w",0.767715419884081,0.70729494591554
"xQ850u4BgjrN0tpun1zGXA",0.629318718726818,0.569724971285233
"xUd0QOyVzx9SQhWulcOPAw",0.811496567928185,0.767251408201153
"y8RbDyDJd-zGcgThqIZWDg",0.709822412048067,0.660713720321655
"yBrK-DwpdbJY2F795ZStcw",0.621061291884292,0.47683428295634
"yEmEDomLUofVtbZoUeFV5g",0.73987181266402,0.64274982870764
"yIAgFdYQY3UdfDn-qO0K7g",0.777919154236282,0.720500068388123
"yOvGqROeTabICY7c80h98Q",0.57700385649999,0.451592789093653
"ytaVHTK7kdHxUscf2PCrow",0.862529534559983,0.839537249161647
"z37fpa6lh-HOIQh0MbQXag",0.787802439182997,0.714409067295492
"zEZO2ySF7ym3rWyXBln0zQ",0.81648755375343,0.742402453211289
"zMMSWTHxkLWYR359o-IuAg",0.737881047826893,0.651327509081589
"zNbRWVCKNe6gBShmnuAQNw",0.723504326322623,0.638812873969998
"zO0UwsrbwCLYFWpn5jZ2DA",0.762167420741674,0.694674372673035
"zWNz-y5mVcJA364mVV-XRw",0.757337499984959,0.710661696907658
"zuhraj8YI2SZazlUS4GFew",0.59265121155315,0.482881780465444
"zxuVnNVAUm16Sro0dS_lmg",0.722984907125296,0.659085089392342
